Zip_Code,Number_of_Asthma_ED_Visits,Age_Adjusted_Rate_of_Asthma_ED_V,Age_Group,county
90001,192,95.2,0-17,Los Angeles
90002,248,135.1,0-17,Los Angeles
90003,317,131.8,0-17,Los Angeles
90004,113,85.6,0-17,Los Angeles
90005,54,59,0-17,Los Angeles
90006,120,82.2,0-17,Los Angeles
90007,81,111.4,0-17,Los Angeles
90008,115,152.2,0-17,Los Angeles
90011,355,95.8,0-17,Los Angeles
90012,14,36.6,0-17,Los Angeles
90015,45,90.3,0-17,Los Angeles
90016,116,100.5,0-17,Los Angeles
90017,51,74.9,0-17,Los Angeles
90018,164,127.5,0-17,Los Angeles
90019,98,72.9,0-17,Los Angeles
90020,57,75.5,0-17,Los Angeles
90022,179,90.5,0-17,Los Angeles
90023,100,66.2,0-17,Los Angeles
90024,14,39.5,0-17,Los Angeles
90025,23,39.7,0-17,Los Angeles
90026,131,97.7,0-17,Los Angeles
90027,39,71.4,0-17,Los Angeles
90028,19,66.7,0-17,Los Angeles
90029,85,111.3,0-17,Los Angeles
90031,67,65.6,0-17,Los Angeles
90032,90,77.1,0-17,Los Angeles
90033,128,89.7,0-17,Los Angeles
90034,38,38.1,0-17,Los Angeles
90035,21,34.9,0-17,Los Angeles
90036,22,34.5,0-17,Los Angeles
90037,246,131.4,0-17,Los Angeles
90038,36,66.4,0-17,Los Angeles
90039,39,76.5,0-17,Los Angeles
90040,35,101.9,0-17,Los Angeles
90041,29,58.6,0-17,Los Angeles
90042,73,47.8,0-17,Los Angeles
90043,194,192,0-17,Los Angeles
90044,412,144.5,0-17,Los Angeles
90045,28,38.1,0-17,Los Angeles
90046,13,30.5,0-17,Los Angeles
90047,185,155.4,0-17,Los Angeles
90049,12,20.4,0-17,Los Angeles
90057,99,93.2,0-17,Los Angeles
90059,245,164.5,0-17,Los Angeles
90061,134,159.1,0-17,Los Angeles
90062,140,161.1,0-17,Los Angeles
90063,130,76.2,0-17,Los Angeles
90064,22,43.5,0-17,Los Angeles
90065,72,67.7,0-17,Los Angeles
90066,34,33.3,0-17,Los Angeles
90201,241,74.8,0-17,Los Angeles
90220,178,119.3,0-17,Los Angeles
90221,176,96.9,0-17,Los Angeles
90222,135,133.5,0-17,Los Angeles
90230,43,64.5,0-17,Los Angeles
90232,12,42.7,0-17,Los Angeles
90240,28,46.8,0-17,Los Angeles
90241,61,56.5,0-17,Los Angeles
90242,66,57.8,0-17,Los Angeles
90245,13,42.2,0-17,Los Angeles
90247,98,84.6,0-17,Los Angeles
90248,21,99.4,0-17,Los Angeles
90249,60,96.7,0-17,Los Angeles
90250,218,86.9,0-17,Los Angeles
90255,140,62.4,0-17,Los Angeles
90260,76,84.6,0-17,Los Angeles
90262,189,84.4,0-17,Los Angeles
90266,14,18.7,0-17,Los Angeles
90270,45,51.3,0-17,Los Angeles
90275,14,20.6,0-17,Los Angeles
90277,21,38.2,0-17,Los Angeles
90278,33,35,0-17,Los Angeles
90280,170,59.9,0-17,Los Angeles
90291,13,32.4,0-17,Los Angeles
90301,100,106,0-17,Los Angeles
90302,64,86.3,0-17,Los Angeles
90303,71,100.3,0-17,Los Angeles
90304,62,67.9,0-17,Los Angeles
90305,47,163.9,0-17,Los Angeles
90403,12,35.9,0-17,Los Angeles
90404,23,78.7,0-17,Los Angeles
90405,14,37.1,0-17,Los Angeles
90501,76,74,0-17,Los Angeles
90502,39,103.8,0-17,Los Angeles
90503,34,39,0-17,Los Angeles
90504,22,36.4,0-17,Los Angeles
90505,25,37,0-17,Los Angeles
90601,51,68.1,0-17,Los Angeles
90602,45,66.1,0-17,Los Angeles
90603,29,66.5,0-17,Los Angeles
90604,45,45.9,0-17,Los Angeles
90605,100,94.7,0-17,Los Angeles
90606,62,76,0-17,Los Angeles
90620,57,57.1,0-17,Orange
90621,56,58.4,0-17,Orange
90623,21,74.5,0-17,Orange
90630,32,33.8,0-17,Orange
90631,95,55.9,0-17,Orange
90638,32,34.1,0-17,Los Angeles
90640,106,67.9,0-17,Los Angeles
90650,159,58.6,0-17,Los Angeles
90660,109,69.3,0-17,Los Angeles
90670,20,56.7,0-17,Los Angeles
90680,49,60.3,0-17,Orange
90701,20,59.7,0-17,Los Angeles
90703,39,48.6,0-17,Los Angeles
90706,156,76,0-17,Los Angeles
90710,56,93.4,0-17,Los Angeles
90712,26,37.4,0-17,Los Angeles
90713,22,36.3,0-17,Los Angeles
90715,36,76.3,0-17,Los Angeles
90716,22,50.2,0-17,Los Angeles
90717,36,79,0-17,Los Angeles
90720,20,48,0-17,Orange
90723,116,70.8,0-17,Los Angeles
90731,141,96.5,0-17,Los Angeles
90732,26,63.6,0-17,Los Angeles
90744,153,90.6,0-17,Los Angeles
90745,88,68.4,0-17,Los Angeles
90746,59,122.2,0-17,Los Angeles
90755,30,106.8,0-17,Los Angeles
90802,43,61.1,0-17,Los Angeles
90803,14,34.3,0-17,Los Angeles
90804,80,84.5,0-17,Los Angeles
90805,310,110.7,0-17,Los Angeles
90806,119,98.9,0-17,Los Angeles
90807,35,54.7,0-17,Los Angeles
90808,34,44.7,0-17,Los Angeles
90810,79,76.9,0-17,Los Angeles
90813,169,91.3,0-17,Los Angeles
90814,25,85.1,0-17,Los Angeles
90815,22,29.1,0-17,Los Angeles
91001,44,55.9,0-17,Los Angeles
91006,23,35.5,0-17,Los Angeles
91007,18,30,0-17,Los Angeles
91010,33,56.5,0-17,Los Angeles
91011,15,37.6,0-17,Los Angeles
91016,38,41.7,0-17,Los Angeles
91030,26,53.4,0-17,Los Angeles
91040,16,43,0-17,Los Angeles
91042,28,52.1,0-17,Los Angeles
91101,12,41.5,0-17,Los Angeles
91103,40,56.5,0-17,Los Angeles
91104,37,46.3,0-17,Los Angeles
91106,31,79.6,0-17,Los Angeles
91107,24,36.7,0-17,Los Angeles
91201,18,46.9,0-17,Los Angeles
91202,14,34.7,0-17,Los Angeles
91203,15,46.4,0-17,Los Angeles
91204,21,61.5,0-17,Los Angeles
91205,24,37.1,0-17,Los Angeles
91206,29,52.5,0-17,Los Angeles
91214,28,53,0-17,Los Angeles
91302,14,25.2,0-17,Los Angeles
91303,65,93.3,0-17,Los Angeles
91304,96,84.1,0-17,Los Angeles
91306,113,105.6,0-17,Los Angeles
91307,27,57.5,0-17,Los Angeles
91311,46,68.1,0-17,Los Angeles
91316,28,54.1,0-17,Los Angeles
91320,23,22.3,0-17,Ventura
91321,49,56.6,0-17,Los Angeles
91324,35,61.5,0-17,Los Angeles
91325,50,79.1,0-17,Los Angeles
91326,19,30.3,0-17,Los Angeles
91331,203,65.7,0-17,Los Angeles
91335,202,118,0-17,Los Angeles
91340,80,74.9,0-17,Los Angeles
91342,175,70.2,0-17,Los Angeles
91343,171,101.9,0-17,Los Angeles
91344,58,59.3,0-17,Los Angeles
91345,31,72.7,0-17,Los Angeles
91350,37,39.8,0-17,Los Angeles
91351,38,47.6,0-17,Los Angeles
91352,108,84.2,0-17,Los Angeles
91354,22,27.1,0-17,Los Angeles
91355,14,19.2,0-17,Los Angeles
91356,27,46.8,0-17,Los Angeles
91360,33,39.8,0-17,Ventura
91362,18,24.7,0-17,Ventura
91364,16,31.1,0-17,Los Angeles
91367,26,33.3,0-17,Los Angeles
91384,18,30.3,0-17,Los Angeles
91387,59,51.6,0-17,Los Angeles
91401,56,63.1,0-17,Los Angeles
91402,205,102,0-17,Los Angeles
91403,12,30.7,0-17,Los Angeles
91405,108,85.2,0-17,Los Angeles
91406,91,69.4,0-17,Los Angeles
91411,47,82.2,0-17,Los Angeles
91423,20,40.4,0-17,Los Angeles
91501,13,34.7,0-17,Los Angeles
91504,16,31.3,0-17,Los Angeles
91505,18,33.5,0-17,Los Angeles
91506,17,50.8,0-17,Los Angeles
91601,53,80.6,0-17,Los Angeles
91604,14,28.3,0-17,Los Angeles
91605,132,92.6,0-17,Los Angeles
91606,78,75.8,0-17,Los Angeles
91607,32,59.5,0-17,Los Angeles
91701,15,19.7,0-17,San Bernardino
91702,192,116.6,0-17,Los Angeles
91706,190,88,0-17,Los Angeles
91708,12,35.8,0-17,San Bernardino
91709,60,33.6,0-17,San Bernardino
91710,119,58.8,0-17,San Bernardino
91711,17,29.2,0-17,Los Angeles
91722,73,83,0-17,Los Angeles
91723,45,101.3,0-17,Los Angeles
91724,40,73.6,0-17,Los Angeles
91730,77,46.6,0-17,San Bernardino
91731,76,97.6,0-17,Los Angeles
91732,179,105.3,0-17,Los Angeles
91733,110,85,0-17,Los Angeles
91737,15,29.9,0-17,San Bernardino
91739,28,26.4,0-17,San Bernardino
91740,56,99.8,0-17,Los Angeles
91741,27,52.1,0-17,Los Angeles
91744,215,94.5,0-17,Los Angeles
91745,77,75,0-17,Los Angeles
91746,54,63.2,0-17,Los Angeles
91748,29,36.2,0-17,Los Angeles
91750,36,57,0-17,Los Angeles
91752,38,36.2,0-17,Riverside
91754,29,46.6,0-17,Los Angeles
91755,22,49.7,0-17,Los Angeles
91761,82,50.2,0-17,San Bernardino
91762,98,60.8,0-17,San Bernardino
91763,71,64.9,0-17,San Bernardino
91764,90,54.2,0-17,San Bernardino
91765,35,42,0-17,Los Angeles
91766,148,69.9,0-17,Los Angeles
91767,116,85.4,0-17,Los Angeles
91768,96,108.6,0-17,Los Angeles
91770,71,55.1,0-17,Los Angeles
91773,57,91.9,0-17,Los Angeles
91775,28,54.6,0-17,Los Angeles
91776,41,57.5,0-17,Los Angeles
91780,33,54.3,0-17,Los Angeles
91784,20,37.2,0-17,San Bernardino
91786,73,59.2,0-17,San Bernardino
91789,23,35.1,0-17,Los Angeles
91790,79,70.4,0-17,Los Angeles
91791,46,63.4,0-17,Los Angeles
91792,34,52.7,0-17,Los Angeles
91801,60,61.4,0-17,Los Angeles
91803,33,57,0-17,Los Angeles
91901,12,34.6,0-17,San Diego
91902,18,54.4,0-17,San Diego
91910,140,77.3,0-17,San Diego
91911,156,71.8,0-17,San Diego
91913,62,42.6,0-17,San Diego
91914,17,34,0-17,San Diego
91915,30,32.6,0-17,San Diego
91932,57,85.7,0-17,San Diego
91941,26,36.6,0-17,San Diego
91942,34,44.6,0-17,San Diego
91945,63,95.6,0-17,San Diego
91950,154,100.6,0-17,San Diego
91977,115,74.5,0-17,San Diego
92009,15,13.8,0-17,San Diego
92010,15,41.5,0-17,San Diego
92019,49,54,0-17,San Diego
92020,83,54.5,0-17,San Diego
92021,101,62.5,0-17,San Diego
92024,25,24,0-17,San Diego
92025,45,31.2,0-17,San Diego
92026,35,27.4,0-17,San Diego
92027,46,30.3,0-17,San Diego
92028,31,28.5,0-17,San Diego
92037,13,21.1,0-17,San Diego
92040,42,42.9,0-17,San Diego
92054,37,34.4,0-17,San Diego
92056,40,35.8,0-17,San Diego
92057,43,29.2,0-17,San Diego
92058,32,43.6,0-17,San Diego
92064,44,41.9,0-17,San Diego
92065,24,29.4,0-17,San Diego
92069,39,27.8,0-17,San Diego
92071,47,38.1,0-17,San Diego
92078,30,25.2,0-17,San Diego
92081,13,21.8,0-17,San Diego
92082,15,32.3,0-17,San Diego
92083,51,44,0-17,San Diego
92084,45,35,0-17,San Diego
92101,23,74.8,0-17,San Diego
92102,102,86.2,0-17,San Diego
92103,12,39.3,0-17,San Diego
92104,42,49.6,0-17,San Diego
92105,174,80.9,0-17,San Diego
92107,13,37.1,0-17,San Diego
92108,14,48.9,0-17,San Diego
92109,20,46.2,0-17,San Diego
92110,28,71.9,0-17,San Diego
92111,90,87.2,0-17,San Diego
92113,179,109.5,0-17,San Diego
92114,166,101.4,0-17,San Diego
92115,115,95.5,0-17,San Diego
92116,35,69.7,0-17,San Diego
92117,42,46.4,0-17,San Diego
92119,14,33.3,0-17,San Diego
92120,28,55.5,0-17,San Diego
92122,17,30.7,0-17,San Diego
92123,49,72.4,0-17,San Diego
92124,28,31.9,0-17,San Diego
92126,64,39.6,0-17,San Diego
92127,45,30.7,0-17,San Diego
92128,27,28.4,0-17,San Diego
92129,23,17,0-17,San Diego
92130,18,10.9,0-17,San Diego
92131,18,18.5,0-17,San Diego
92139,53,59.6,0-17,San Diego
92154,140,67.6,0-17,San Diego
92173,62,73.5,0-17,San Diego
92201,87,46.3,0-17,Riverside
92203,25,31.7,0-17,Riverside
92220,60,84.7,0-17,Riverside
92223,57,39,0-17,Riverside
92225,48,98.2,0-17,Riverside
92227,187,224.6,0-17,Imperial
92231,67,59.4,0-17,Imperial
92234,44,34.6,0-17,Riverside
92236,81,51.3,0-17,Riverside
92240,75,70.7,0-17,Riverside
92243,168,120.4,0-17,Imperial
92249,24,100.2,0-17,Imperial
92250,21,97.6,0-17,Imperial
92251,79,137.1,0-17,Imperial
92253,21,28.4,0-17,Riverside
92254,14,27.6,0-17,Riverside
92262,21,47.1,0-17,Riverside
92274,27,35.7,0-17,Riverside
92277,32,53.2,0-17,San Bernardino
92284,40,70.8,0-17,San Bernardino
92301,112,94.3,0-17,San Bernardino
92307,124,130.2,0-17,San Bernardino
92308,79,77.7,0-17,San Bernardino
92311,116,127.1,0-17,San Bernardino
92313,19,70.8,0-17,San Bernardino
92316,72,78,0-17,San Bernardino
92324,129,74.1,0-17,San Bernardino
92325,15,88.9,0-17,San Bernardino
92335,188,58.6,0-17,San Bernardino
92336,116,41.2,0-17,San Bernardino
92337,61,55.3,0-17,San Bernardino
92344,36,55.6,0-17,San Bernardino
92345,136,57.5,0-17,San Bernardino
92346,95,65.6,0-17,San Bernardino
92354,20,41.5,0-17,San Bernardino
92371,16,39.6,0-17,San Bernardino
92373,27,41.3,0-17,San Bernardino
92374,46,46,0-17,San Bernardino
92376,175,68.2,0-17,San Bernardino
92377,35,66.9,0-17,San Bernardino
92392,174,103.1,0-17,San Bernardino
92394,101,86.8,0-17,San Bernardino
92395,126,96.9,0-17,San Bernardino
92399,45,35.3,0-17,San Bernardino
92404,200,103.1,0-17,San Bernardino
92405,127,137.7,0-17,San Bernardino
92407,131,75.3,0-17,San Bernardino
92408,31,68,0-17,San Bernardino
92410,183,105,0-17,San Bernardino
92411,99,110.5,0-17,San Bernardino
92501,39,73.1,0-17,Riverside
92503,164,63.5,0-17,Riverside
92504,94,69.2,0-17,Riverside
92505,96,71.9,0-17,Riverside
92506,49,54.6,0-17,Riverside
92507,77,60.2,0-17,Riverside
92508,36,39.2,0-17,Riverside
92509,102,44.1,0-17,Riverside
92530,113,70.2,0-17,Riverside
92532,30,40.9,0-17,Riverside
92543,82,94.5,0-17,Riverside
92544,69,59.4,0-17,Riverside
92545,77,78.3,0-17,Riverside
92551,77,76.1,0-17,Riverside
92553,162,67.7,0-17,Riverside
92555,80,69.4,0-17,Riverside
92557,80,61.8,0-17,Riverside
92562,90,57.2,0-17,Riverside
92563,82,40.5,0-17,Riverside
92567,14,49.9,0-17,Riverside
92570,90,50.6,0-17,Riverside
92571,107,55.9,0-17,Riverside
92582,35,62.2,0-17,Riverside
92583,117,131.6,0-17,Riverside
92584,76,57.6,0-17,Riverside
92585,25,40.5,0-17,Riverside
92586,17,67.8,0-17,Riverside
92587,14,33.1,0-17,Riverside
92591,51,43.3,0-17,Riverside
92592,89,41.2,0-17,Riverside
92595,49,57.6,0-17,Riverside
92596,40,42.1,0-17,Riverside
92602,15,20.7,0-17,Orange
92604,21,42.4,0-17,Orange
92606,20,37.7,0-17,Orange
92614,14,28,0-17,Orange
92618,21,27.1,0-17,Orange
92620,35,27.2,0-17,Orange
92626,37,38.8,0-17,Orange
92627,72,48.8,0-17,Orange
92629,12,28.2,0-17,Orange
92630,39,27.1,0-17,Orange
92646,24,23.5,0-17,Orange
92647,59,44.6,0-17,Orange
92648,25,31.9,0-17,Orange
92649,18,33.6,0-17,Orange
92653,14,23.3,0-17,Orange
92655,12,67.9,0-17,Orange
92656,26,19.9,0-17,Orange
92660,24,38.4,0-17,Orange
92672,18,23.1,0-17,Orange
92675,20,23.1,0-17,Orange
92677,33,25.7,0-17,Orange
92679,16,23.9,0-17,Orange
92683,105,51.9,0-17,Orange
92688,18,14.5,0-17,Orange
92691,27,30.1,0-17,Orange
92692,31,34.1,0-17,Orange
92701,96,51.1,0-17,Orange
92703,126,61.1,0-17,Orange
92704,138,54.8,0-17,Orange
92705,54,54.8,0-17,Orange
92706,60,56,0-17,Orange
92707,93,51,0-17,Orange
92708,39,38.8,0-17,Orange
92780,88,59.7,0-17,Orange
92782,17,22.3,0-17,Orange
92801,107,57.6,0-17,Orange
92802,78,62.8,0-17,Orange
92804,128,57.1,0-17,Orange
92805,170,76.2,0-17,Orange
92806,51,52.4,0-17,Orange
92807,20,27.4,0-17,Orange
92821,13,16.5,0-17,Orange
92831,48,74.5,0-17,Orange
92832,38,60.2,0-17,Orange
92833,67,52.7,0-17,Orange
92835,15,31.4,0-17,Orange
92840,95,69.1,0-17,Orange
92841,34,45.3,0-17,Orange
92843,68,54.3,0-17,Orange
92844,21,38,0-17,Orange
92865,19,42.6,0-17,Orange
92866,13,41.3,0-17,Orange
92867,37,34.8,0-17,Orange
92868,46,87,0-17,Orange
92869,33,39,0-17,Orange
92870,44,36.2,0-17,Orange
92879,75,59.1,0-17,Riverside
92880,75,30,0-17,Riverside
92881,18,22.2,0-17,Riverside
92882,94,48.1,0-17,Riverside
92883,23,25.1,0-17,Riverside
92886,32,30.3,0-17,Orange
92887,16,41.8,0-17,Orange
93001,43,60.2,0-17,Ventura
93003,49,48.3,0-17,Ventura
93004,26,39.1,0-17,Ventura
93010,38,42.3,0-17,Ventura
93012,18,22.9,0-17,Ventura
93013,15,46.9,0-17,Santa Barbara
93015,26,49.5,0-17,Ventura
93021,36,37.5,0-17,Ventura
93030,127,71.6,0-17,Ventura
93033,138,51.9,0-17,Ventura
93035,25,40.9,0-17,Ventura
93036,82,58.6,0-17,Ventura
93041,39,64.4,0-17,Ventura
93060,48,47.7,0-17,Ventura
93063,63,50.9,0-17,Ventura
93065,74,44.2,0-17,Ventura
93101,17,28.6,0-17,Santa Barbara
93103,21,55.5,0-17,Santa Barbara
93105,17,43.1,0-17,Santa Barbara
93110,13,44.7,0-17,Santa Barbara
93117,31,40.9,0-17,Santa Barbara
93203,36,45.5,0-17,Kern
93204,23,66.6,0-17,Kings
93210,19,50.8,0-17,Fresno
93212,39,81.9,0-17,Kings
93215,147,94.4,0-17,Kern
93219,19,43.4,0-17,Tulare
93221,22,53.8,0-17,Tulare
93230,193,96.8,0-17,Kings
93234,17,59.4,0-17,Fresno
93241,37,56.4,0-17,Kern
93245,71,60.5,0-17,Kings
93247,31,50.5,0-17,Tulare
93250,25,47.7,0-17,Kern
93257,184,73.2,0-17,Tulare
93263,36,49.8,0-17,Kern
93267,13,60.1,0-17,Tulare
93268,12,23.7,0-17,Kern
93274,116,50.4,0-17,Tulare
93277,51,38.6,0-17,Tulare
93280,52,60.9,0-17,Kern
93291,65,33.8,0-17,Tulare
93292,55,47.3,0-17,Tulare
93301,89,252.7,0-17,Kern
93304,200,124,0-17,Kern
93305,151,116,0-17,Kern
93306,157,75.9,0-17,Kern
93307,243,78.1,0-17,Kern
93308,89,61.5,0-17,Kern
93309,123,80.7,0-17,Kern
93311,48,36,0-17,Kern
93312,68,41.2,0-17,Kern
93313,87,53.8,0-17,Kern
93314,21,25.7,0-17,Kern
93401,17,41.5,0-17,San Luis Obispo
93402,14,57.6,0-17,San Luis Obispo
93420,24,44.5,0-17,San Luis Obispo
93422,15,21.6,0-17,San Luis Obispo
93433,14,46.1,0-17,San Luis Obispo
93434,19,77.8,0-17,Santa Barbara
93436,67,49.2,0-17,Santa Barbara
93444,17,34.5,0-17,San Luis Obispo
93445,16,94.5,0-17,San Luis Obispo
93446,39,36,0-17,San Luis Obispo
93454,53,49.4,0-17,Santa Barbara
93455,38,38.7,0-17,Santa Barbara
93458,100,48.8,0-17,Santa Barbara
93501,33,216.2,0-17,Kern
93505,45,129.9,0-17,Kern
93514,13,47.2,0-17,Inyo
93534,150,132.1,0-17,Los Angeles
93535,389,168.6,0-17,Los Angeles
93536,125,74.9,0-17,Los Angeles
93543,20,56.4,0-17,Los Angeles
93546,18,101.1,0-17,Mono
93550,347,144.7,0-17,Los Angeles
93551,84,65.6,0-17,Los Angeles
93552,104,87.7,0-17,Los Angeles
93555,56,68,0-17,Kern
93560,53,103.7,0-17,Kern
93561,27,39.3,0-17,Kern
93591,29,123.2,0-17,Los Angeles
93609,28,165,0-17,Fresno
93610,47,92.5,0-17,Madera
93611,62,57.5,0-17,Fresno
93612,122,130.7,0-17,Fresno
93614,20,99.5,0-17,Madera
93615,20,89.4,0-17,Tulare
93618,91,84.4,0-17,Tulare
93619,46,44.1,0-17,Fresno
93620,42,138.4,0-17,Merced
93622,42,133.6,0-17,Fresno
93625,27,125.3,0-17,Fresno
93630,50,73.3,0-17,Fresno
93631,50,108.2,0-17,Fresno
93635,116,89.5,0-17,Merced
93636,20,80.8,0-17,Madera
93637,130,109.1,0-17,Madera
93638,238,127.9,0-17,Madera
93640,55,119.1,0-17,Fresno
93646,44,105.9,0-17,Fresno
93647,33,78.5,0-17,Tulare
93648,102,168.9,0-17,Fresno
93654,95,102.3,0-17,Fresno
93656,21,99.3,0-17,Fresno
93657,100,92.9,0-17,Fresno
93660,12,65.6,0-17,Fresno
93662,153,164.3,0-17,Fresno
93701,91,201.1,0-17,Fresno
93702,278,162.7,0-17,Fresno
93703,222,202.7,0-17,Fresno
93704,103,170.7,0-17,Fresno
93705,241,195.2,0-17,Fresno
93706,279,195.1,0-17,Fresno
93710,86,140,0-17,Fresno
93711,47,66,0-17,Fresno
93720,61,57.9,0-17,Fresno
93722,390,162.3,0-17,Fresno
93723,35,108.5,0-17,Fresno
93725,154,179.1,0-17,Fresno
93726,203,177.9,0-17,Fresno
93727,278,113.9,0-17,Fresno
93728,57,146.8,0-17,Fresno
93901,31,48.2,0-17,Monterey
93905,157,73,0-17,Monterey
93906,112,62.7,0-17,Monterey
93907,25,48.7,0-17,Monterey
93927,29,44.5,0-17,Monterey
93930,27,51.7,0-17,Monterey
93933,36,65,0-17,Monterey
93940,19,38,0-17,Monterey
93955,44,48.8,0-17,Monterey
93960,21,35.2,0-17,Monterey
94010,15,17.7,0-17,San Mateo
94014,58,59.7,0-17,San Mateo
94015,79,70,0-17,San Mateo
94019,17,38,0-17,San Mateo
94025,28,26,0-17,San Mateo
94030,13,32.1,0-17,San Mateo
94040,17,22,0-17,Santa Clara
94044,34,46.3,0-17,San Mateo
94061,31,34,0-17,San Mateo
94062,13,24.2,0-17,San Mateo
94063,87,93.9,0-17,San Mateo
94066,45,49.7,0-17,San Mateo
94070,12,18.1,0-17,San Mateo
94080,75,55.8,0-17,San Mateo
94085,12,21.2,0-17,Santa Clara
94086,32,28.2,0-17,Santa Clara
94087,31,21.8,0-17,Santa Clara
94102,36,113.1,0-17,San Francisco
94103,33,78.9,0-17,San Francisco
94107,33,92.5,0-17,San Francisco
94109,25,70.1,0-17,San Francisco
94110,110,102.2,0-17,San Francisco
94112,116,76.4,0-17,San Francisco
94114,17,40.1,0-17,San Francisco
94115,29,75.5,0-17,San Francisco
94116,32,45.2,0-17,San Francisco
94117,25,68.5,0-17,San Francisco
94118,22,36.2,0-17,San Francisco
94121,31,48.3,0-17,San Francisco
94122,54,64.7,0-17,San Francisco
94123,17,55.5,0-17,San Francisco
94124,151,160.2,0-17,San Francisco
94127,12,34.6,0-17,San Francisco
94131,21,44.7,0-17,San Francisco
94132,26,72.9,0-17,San Francisco
94134,81,104.7,0-17,San Francisco
94303,82,62.8,0-17,Santa Clara
94306,12,20,0-17,Santa Clara
94401,42,54.2,0-17,San Mateo
94402,24,41.3,0-17,San Mateo
94403,31,33.6,0-17,San Mateo
94404,15,19,0-17,San Mateo
94501,90,74,0-17,Alameda
94502,13,52.8,0-17,Alameda
94503,32,56,0-17,Napa
94505,20,51.8,0-17,Contra Costa
94509,255,156.5,0-17,Contra Costa
94510,19,36.8,0-17,Solano
94513,83,44.5,0-17,Contra Costa
94517,13,56.5,0-17,Contra Costa
94518,20,38.9,0-17,Contra Costa
94519,28,68.1,0-17,Contra Costa
94520,62,54.5,0-17,Contra Costa
94521,31,36.4,0-17,Contra Costa
94523,25,39.3,0-17,Contra Costa
94526,15,22,0-17,Contra Costa
94530,35,77,0-17,Contra Costa
94531,138,125.1,0-17,Contra Costa
94533,228,124.6,0-17,Solano
94534,53,57,0-17,Solano
94536,72,39.9,0-17,Alameda
94538,61,40.8,0-17,Alameda
94539,31,25.8,0-17,Alameda
94541,120,73.6,0-17,Alameda
94542,18,69.9,0-17,Alameda
94544,165,81.5,0-17,Alameda
94545,76,104.4,0-17,Alameda
94546,51,56.8,0-17,Alameda
94547,38,72.4,0-17,Contra Costa
94549,15,23.6,0-17,Contra Costa
94550,32,28.1,0-17,Alameda
94551,34,33.9,0-17,Alameda
94553,45,48.8,0-17,Contra Costa
94555,28,27.3,0-17,Alameda
94558,74,52.7,0-17,Napa
94559,34,50.7,0-17,Napa
94560,49,42.4,0-17,Alameda
94561,78,70.3,0-17,Contra Costa
94563,12,38.6,0-17,Contra Costa
94564,30,85.1,0-17,Contra Costa
94565,300,118.8,0-17,Contra Costa
94566,34,34.1,0-17,Alameda
94568,47,29.3,0-17,Alameda
94572,21,105.6,0-17,Contra Costa
94577,63,60.5,0-17,Alameda
94578,72,74,0-17,Alameda
94579,28,67.8,0-17,Alameda
94580,44,65.9,0-17,Alameda
94582,30,22,0-17,Contra Costa
94583,18,20.3,0-17,Contra Costa
94585,79,106.3,0-17,Solano
94587,100,59.8,0-17,Alameda
94588,24,29.3,0-17,Alameda
94589,134,191.6,0-17,Solano
94590,157,184.8,0-17,Solano
94591,96,82.8,0-17,Solano
94597,22,50.9,0-17,Contra Costa
94601,173,122,0-17,Alameda
94602,58,91.5,0-17,Alameda
94603,164,163.3,0-17,Alameda
94605,156,165.7,0-17,Alameda
94606,89,121.7,0-17,Alameda
94607,80,149.5,0-17,Alameda
94608,68,139,0-17,Alameda
94609,40,123.2,0-17,Alameda
94610,36,77.9,0-17,Alameda
94611,15,21.7,0-17,Alameda
94612,25,139.5,0-17,Alameda
94619,47,94.8,0-17,Alameda
94621,192,191.4,0-17,Alameda
94702,29,101.1,0-17,Alameda
94703,37,112.2,0-17,Alameda
94706,20,45.3,0-17,Alameda
94710,12,72.1,0-17,Alameda
94801,159,168.5,0-17,Contra Costa
94803,26,55.5,0-17,Contra Costa
94804,146,141.5,0-17,Contra Costa
94805,34,109.1,0-17,Contra Costa
94806,173,112.3,0-17,Contra Costa
94901,43,46.8,0-17,Marin
94903,17,32.1,0-17,Marin
94928,32,38.8,0-17,Sonoma
94941,18,25.9,0-17,Marin
94945,17,54.7,0-17,Marin
94947,15,27.9,0-17,Marin
94949,14,34.8,0-17,Marin
94952,31,47.3,0-17,Sonoma
94954,35,39.3,0-17,Sonoma
95003,14,31.7,0-17,Santa Cruz
95008,30,28.8,0-17,Santa Clara
95012,20,57.9,0-17,Monterey
95014,19,12,0-17,Santa Clara
95019,18,71.7,0-17,Santa Cruz
95020,73,40.4,0-17,Santa Clara
95023,92,64.6,0-17,San Benito
95035,33,18.2,0-17,Santa Clara
95037,35,26.7,0-17,Santa Clara
95050,21,25.2,0-17,Santa Clara
95051,32,22,0-17,Santa Clara
95054,26,52.7,0-17,Santa Clara
95060,16,22.9,0-17,Santa Cruz
95062,12,18.5,0-17,Santa Cruz
95076,124,49.8,0-17,Santa Cruz
95110,14,27.4,0-17,Santa Clara
95111,80,45,0-17,Santa Clara
95112,57,49.1,0-17,Santa Clara
95116,105,67.4,0-17,Santa Clara
95117,36,48.7,0-17,Santa Clara
95118,36,45.3,0-17,Santa Clara
95120,12,16.1,0-17,Santa Clara
95121,34,36.8,0-17,Santa Clara
95122,95,54.9,0-17,Santa Clara
95123,55,34.1,0-17,Santa Clara
95124,28,23.8,0-17,Santa Clara
95125,27,21.1,0-17,Santa Clara
95126,32,43.2,0-17,Santa Clara
95127,95,57.6,0-17,Santa Clara
95128,23,26.1,0-17,Santa Clara
95129,20,22.8,0-17,Santa Clara
95131,21,29.1,0-17,Santa Clara
95132,35,38.5,0-17,Santa Clara
95133,17,24.2,0-17,Santa Clara
95134,16,25.7,0-17,Santa Clara
95136,33,30.2,0-17,Santa Clara
95138,13,25.4,0-17,Santa Clara
95148,33,30.1,0-17,Santa Clara
95202,23,148.7,0-17,San Joaquin
95203,56,121.4,0-17,San Joaquin
95204,48,72.1,0-17,San Joaquin
95205,132,102,0-17,San Joaquin
95206,196,93.3,0-17,San Joaquin
95207,122,94.7,0-17,San Joaquin
95209,70,64.7,0-17,San Joaquin
95210,106,90.5,0-17,San Joaquin
95212,37,44.6,0-17,San Joaquin
95215,27,39.4,0-17,San Joaquin
95219,44,63,0-17,San Joaquin
95240,79,58.7,0-17,San Joaquin
95242,32,52.9,0-17,San Joaquin
95252,29,104.4,0-17,Calaveras
95301,61,54.3,0-17,Merced
95304,16,44.3,0-17,San Joaquin
95307,90,69.8,0-17,Stanislaus
95315,28,64.1,0-17,Merced
95320,29,92.5,0-17,San Joaquin
95322,26,98.4,0-17,Merced
95324,14,78.2,0-17,Merced
95330,49,72.5,0-17,San Joaquin
95334,44,92.9,0-17,Merced
95336,104,91.9,0-17,San Joaquin
95337,66,61.2,0-17,San Joaquin
95340,100,107.6,0-17,Merced
95341,112,95.5,0-17,Merced
95348,80,85.3,0-17,Merced
95350,109,94.3,0-17,Stanislaus
95351,116,78.4,0-17,Stanislaus
95354,57,89.4,0-17,Stanislaus
95355,92,64.4,0-17,Stanislaus
95356,52,64.7,0-17,Stanislaus
95357,17,50.4,0-17,Stanislaus
95358,80,83.8,0-17,Stanislaus
95360,25,67,0-17,Stanislaus
95361,71,87.5,0-17,Stanislaus
95363,58,74.1,0-17,Stanislaus
95366,18,41.9,0-17,San Joaquin
95367,66,93.2,0-17,Stanislaus
95368,25,65.3,0-17,Stanislaus
95370,27,59.6,0-17,Tuolumne
95376,116,80.6,0-17,San Joaquin
95377,41,40.1,0-17,San Joaquin
95380,95,79.5,0-17,Stanislaus
95382,34,38.2,0-17,Stanislaus
95386,30,105.4,0-17,Stanislaus
95388,24,52.8,0-17,Merced
95391,25,44.7,0-17,San Joaquin
95401,39,43.7,0-17,Sonoma
95403,71,76.8,0-17,Sonoma
95404,36,44.1,0-17,Sonoma
95405,22,53.4,0-17,Sonoma
95407,58,50.3,0-17,Sonoma
95409,17,40.7,0-17,Sonoma
95422,61,149.9,0-17,Lake
95425,12,51.9,0-17,Sonoma
95437,16,57.7,0-17,Mendocino
95448,19,55.7,0-17,Sonoma
95451,17,78.3,0-17,Lake
95472,15,32.8,0-17,Sonoma
95476,26,36.6,0-17,Sonoma
95482,72,95,0-17,Mendocino
95490,27,95.7,0-17,Mendocino
95492,38,54.5,0-17,Sonoma
95501,35,73.5,0-17,Humboldt
95503,28,57.5,0-17,Humboldt
95519,12,30.5,0-17,Humboldt
95531,36,76.8,0-17,Del Norte
95540,23,73.3,0-17,Humboldt
95602,14,43.5,0-17,Placer
95603,22,44.7,0-17,Placer
95605,29,71.1,0-17,Yolo
95608,94,84.2,0-17,Sacramento
95610,69,66.7,0-17,Sacramento
95616,21,37.6,0-17,Yolo
95618,21,38.8,0-17,Yolo
95620,45,81.6,0-17,Solano
95621,50,55.3,0-17,Sacramento
95624,64,38.5,0-17,Sacramento
95628,27,37.1,0-17,Sacramento
95630,42,23.3,0-17,Sacramento
95632,26,31.7,0-17,Sacramento
95648,34,26,0-17,Placer
95660,90,102.9,0-17,Sacramento
95661,33,49.5,0-17,Placer
95662,21,32.2,0-17,Sacramento
95667,27,39.4,0-17,El Dorado
95670,98,74.7,0-17,Sacramento
95673,37,93.3,0-17,Sacramento
95677,27,50.9,0-17,Placer
95678,54,51.4,0-17,Placer
95682,21,31.7,0-17,El Dorado
95687,105,77.8,0-17,Solano
95688,94,106.1,0-17,Solano
95691,79,77.3,0-17,Yolo
95694,15,70.3,0-17,Yolo
95695,50,53.8,0-17,Yolo
95746,14,32.3,0-17,Placer
95747,56,31.8,0-17,Placer
95757,70,50.5,0-17,Sacramento
95758,74,46.1,0-17,Sacramento
95762,30,26.8,0-17,El Dorado
95765,27,25.6,0-17,Placer
95776,35,47.2,0-17,Yolo
95815,131,192.5,0-17,Sacramento
95817,42,148.8,0-17,Sacramento
95818,41,93.2,0-17,Sacramento
95819,16,50.7,0-17,Sacramento
95820,80,84.4,0-17,Sacramento
95821,95,131.8,0-17,Sacramento
95822,116,105.1,0-17,Sacramento
95823,280,121.5,0-17,Sacramento
95824,88,91,0-17,Sacramento
95825,114,191.9,0-17,Sacramento
95826,70,97.3,0-17,Sacramento
95827,31,60.6,0-17,Sacramento
95828,138,86,0-17,Sacramento
95829,33,41.8,0-17,Sacramento
95831,42,54.5,0-17,Sacramento
95832,42,108,0-17,Sacramento
95833,84,84.6,0-17,Sacramento
95834,72,91.6,0-17,Sacramento
95835,71,64.5,0-17,Sacramento
95838,141,117.1,0-17,Sacramento
95841,67,134.9,0-17,Sacramento
95842,99,109.5,0-17,Sacramento
95843,74,57.4,0-17,Sacramento
95864,28,57.8,0-17,Sacramento
95901,48,53.7,0-17,Yuba
95926,28,43.8,0-17,Butte
95928,32,49.3,0-17,Butte
95932,25,111.9,0-17,Colusa
95945,12,27.1,0-17,Nevada
95949,15,50.5,0-17,Nevada
95953,18,59.5,0-17,Sutter
95961,46,52,0-17,Yuba
95963,14,32.8,0-17,Glenn
95965,32,61.9,0-17,Butte
95966,30,46.4,0-17,Butte
95969,14,31.8,0-17,Butte
95973,35,42.8,0-17,Butte
95991,55,48.3,0-17,Sutter
95993,22,25.6,0-17,Sutter
96001,27,39.5,0-17,Shasta
96002,42,53.9,0-17,Shasta
96003,35,40.1,0-17,Shasta
96007,28,55.1,0-17,Shasta
96019,14,62.6,0-17,Shasta
96021,42,90.8,0-17,Tehama
96080,41,62.3,0-17,Tehama
96097,12,57.7,0-17,Siskiyou
96130,14,38,0-17,Lassen
96150,12,20.2,0-17,El Dorado
90001,215,54.4,18+,Los Angeles
90002,232,65.7,18+,Los Angeles
90003,393,81.5,18+,Los Angeles
90004,162,30.4,18+,Los Angeles
90005,54,14.5,18+,Los Angeles
90006,130,28.1,18+,Los Angeles
90007,94,33.2,18+,Los Angeles
90008,209,85.5,18+,Los Angeles
90011,290,41.1,18+,Los Angeles
90012,73,21.6,18+,Los Angeles
90013,106,70,18+,Los Angeles
90014,30,34.6,18+,Los Angeles
90015,52,24,18+,Los Angeles
90016,226,59.4,18+,Los Angeles
90017,67,30.7,18+,Los Angeles
90018,232,58.8,18+,Los Angeles
90019,247,47.5,18+,Los Angeles
90020,92,27.4,18+,Los Angeles
90021,16,47.4,18+,Los Angeles
90022,188,39,18+,Los Angeles
90023,159,46.1,18+,Los Angeles
90024,47,14.3,18+,Los Angeles
90025,55,15,18+,Los Angeles
90026,151,25.2,18+,Los Angeles
90027,131,33.2,18+,Los Angeles
90028,114,39.5,18+,Los Angeles
90029,123,39.6,18+,Los Angeles
90031,85,26.5,18+,Los Angeles
90032,147,41.6,18+,Los Angeles
90033,201,56.4,18+,Los Angeles
90034,113,24.5,18+,Los Angeles
90035,57,23.4,18+,Los Angeles
90036,53,17.8,18+,Los Angeles
90037,307,68.5,18+,Los Angeles
90038,72,27,18+,Los Angeles
90039,58,23.8,18+,Los Angeles
90040,34,38.3,18+,Los Angeles
90041,73,29.5,18+,Los Angeles
90042,149,30.1,18+,Los Angeles
90043,270,76.2,18+,Los Angeles
90044,534,79.4,18+,Los Angeles
90045,40,11.1,18+,Los Angeles
90046,83,18.6,18+,Los Angeles
90047,321,84.8,18+,Los Angeles
90048,39,21.4,18+,Los Angeles
90049,27,9,18+,Los Angeles
90056,31,63,18+,Los Angeles
90057,166,48.8,18+,Los Angeles
90058,28,125.3,18+,Los Angeles
90059,289,95.1,18+,Los Angeles
90061,220,105.7,18+,Los Angeles
90062,123,48.6,18+,Los Angeles
90063,155,38.7,18+,Los Angeles
90064,49,23.8,18+,Los Angeles
90065,134,37.1,18+,Los Angeles
90066,71,15.7,18+,Los Angeles
90068,29,14,18+,Los Angeles
90069,24,18.5,18+,Los Angeles
90201,234,32.9,18+,Los Angeles
90210,16,8.4,18+,Los Angeles
90211,19,23.6,18+,Los Angeles
90212,40,40.5,18+,Los Angeles
90220,269,75.1,18+,Los Angeles
90221,230,58.5,18+,Los Angeles
90222,199,81.8,18+,Los Angeles
90230,59,22.9,18+,Los Angeles
90232,46,33.1,18+,Los Angeles
90240,82,40.6,18+,Los Angeles
90241,104,31.2,18+,Los Angeles
90242,102,31.4,18+,Los Angeles
90245,14,10.1,18+,Los Angeles
90247,243,69,18+,Los Angeles
90248,36,42.3,18+,Los Angeles
90249,102,48.5,18+,Los Angeles
90250,307,41.7,18+,Los Angeles
90255,245,48.8,18+,Los Angeles
90260,94,35.1,18+,Los Angeles
90262,233,47.4,18+,Los Angeles
90266,20,7.5,18+,Los Angeles
90270,55,27,18+,Los Angeles
90274,26,13.1,18+,Los Angeles
90275,40,12.7,18+,Los Angeles
90277,42,14.7,18+,Los Angeles
90278,61,18.1,18+,Los Angeles
90280,195,29.2,18+,Los Angeles
90291,69,29.9,18+,Los Angeles
90292,33,14.1,18+,Los Angeles
90301,159,54.6,18+,Los Angeles
90302,141,59.4,18+,Los Angeles
90303,116,63.3,18+,Los Angeles
90304,71,32.8,18+,Los Angeles
90305,79,77.2,18+,Los Angeles
90401,36,51.6,18+,Los Angeles
90402,15,15.3,18+,Los Angeles
90403,52,23.6,18+,Los Angeles
90404,115,61.8,18+,Los Angeles
90405,59,27.6,18+,Los Angeles
90501,105,29.8,18+,Los Angeles
90502,33,20.7,18+,Los Angeles
90503,58,16.2,18+,Los Angeles
90504,54,21.1,18+,Los Angeles
90505,51,18.9,18+,Los Angeles
90601,73,30.9,18+,Los Angeles
90602,94,46.3,18+,Los Angeles
90603,40,26.2,18+,Los Angeles
90604,123,37.8,18+,Los Angeles
90605,107,34.5,18+,Los Angeles
90606,86,32.6,18+,Los Angeles
90620,85,23.3,18+,Orange
90621,74,26.4,18+,Orange
90623,29,23.5,18+,Orange
90630,80,20.8,18+,Orange
90631,101,18.5,18+,Orange
90638,82,20.2,18+,Los Angeles
90640,197,41.1,18+,Los Angeles
90650,288,34.5,18+,Los Angeles
90660,150,30.7,18+,Los Angeles
90670,54,42.3,18+,Los Angeles
90680,89,38.8,18+,Orange
90701,35,24.7,18+,Los Angeles
90703,93,22.4,18+,Los Angeles
90704,20,69.8,18+,Los Angeles
90706,235,38.4,18+,Los Angeles
90710,70,34.7,18+,Los Angeles
90712,76,32.6,18+,Los Angeles
90713,34,16.5,18+,Los Angeles
90715,59,36.1,18+,Los Angeles
90716,41,38.6,18+,Los Angeles
90717,53,30.3,18+,Los Angeles
90720,26,15.6,18+,Orange
90723,127,34.5,18+,Los Angeles
90731,307,62.4,18+,Los Angeles
90732,28,18.2,18+,Los Angeles
90740,48,32.8,18+,Orange
90744,170,43.9,18+,Los Angeles
90745,206,45.4,18+,Los Angeles
90746,156,82,18+,Los Angeles
90755,24,26,18+,Los Angeles
90802,110,32.4,18+,Los Angeles
90803,36,11.3,18+,Los Angeles
90804,150,49.1,18+,Los Angeles
90805,349,49.6,18+,Los Angeles
90806,198,59.2,18+,Los Angeles
90807,82,32.8,18+,Los Angeles
90808,42,14.6,18+,Los Angeles
90810,110,39.3,18+,Los Angeles
90813,315,72.4,18+,Los Angeles
90814,23,13.6,18+,Los Angeles
90815,47,13.5,18+,Los Angeles
91001,69,28,18+,Los Angeles
91006,29,11.6,18+,Los Angeles
91007,35,16.1,18+,Los Angeles
91010,60,29.5,18+,Los Angeles
91011,15,12.4,18+,Los Angeles
91016,77,23.7,18+,Los Angeles
91030,28,13.4,18+,Los Angeles
91040,61,34.5,18+,Los Angeles
91042,44,19,18+,Los Angeles
91101,30,16.9,18+,Los Angeles
91103,78,33.9,18+,Los Angeles
91104,59,21.6,18+,Los Angeles
91105,18,14.5,18+,Los Angeles
91106,21,9.2,18+,Los Angeles
91107,39,15.8,18+,Los Angeles
91201,26,13.8,18+,Los Angeles
91202,31,18.5,18+,Los Angeles
91203,36,23.2,18+,Los Angeles
91204,55,36.2,18+,Los Angeles
91205,91,28.4,18+,Los Angeles
91206,81,28.7,18+,Los Angeles
91208,52,43.7,18+,Los Angeles
91214,43,19.3,18+,Los Angeles
91301,22,10.3,18+,Los Angeles
91302,38,19.4,18+,Los Angeles
91303,149,69.1,18+,Los Angeles
91304,155,41,18+,Los Angeles
91306,133,36.2,18+,Los Angeles
91307,55,28,18+,Los Angeles
91311,117,38.8,18+,Los Angeles
91316,106,50.8,18+,Los Angeles
91320,58,19,18+,Ventura
91321,62,21.1,18+,Los Angeles
91324,85,34.6,18+,Los Angeles
91325,115,39.6,18+,Los Angeles
91326,56,20.6,18+,Los Angeles
91331,396,52.3,18+,Los Angeles
91335,302,49,18+,Los Angeles
91340,134,48.6,18+,Los Angeles
91342,284,39.4,18+,Los Angeles
91343,285,58.6,18+,Los Angeles
91344,109,25.5,18+,Los Angeles
91345,63,41.5,18+,Los Angeles
91350,49,16.2,18+,Los Angeles
91351,87,35.5,18+,Los Angeles
91352,142,36.7,18+,Los Angeles
91354,26,12.3,18+,Los Angeles
91355,49,17.8,18+,Los Angeles
91356,87,38.9,18+,Los Angeles
91360,65,20.2,18+,Ventura
91361,18,9.1,18+,Ventura
91362,42,14.9,18+,Ventura
91364,46,21.5,18+,Los Angeles
91367,92,25.6,18+,Los Angeles
91381,24,19,18+,Los Angeles
91384,45,19.5,18+,Los Angeles
91387,84,25.8,18+,Los Angeles
91390,32,20.2,18+,Los Angeles
91401,133,39.5,18+,Los Angeles
91402,296,57,18+,Los Angeles
91403,62,32.5,18+,Los Angeles
91405,296,78.6,18+,Los Angeles
91406,223,53.3,18+,Los Angeles
91411,76,38.7,18+,Los Angeles
91423,51,22.7,18+,Los Angeles
91436,21,17.3,18+,Los Angeles
91501,38,20.1,18+,Los Angeles
91502,18,18.3,18+,Los Angeles
91504,40,18.9,18+,Los Angeles
91505,68,26.5,18+,Los Angeles
91506,29,18.5,18+,Los Angeles
91601,148,44,18+,Los Angeles
91602,21,15.1,18+,Los Angeles
91604,40,17.3,18+,Los Angeles
91605,223,50,18+,Los Angeles
91606,156,44.6,18+,Los Angeles
91607,45,17.8,18+,Los Angeles
91701,59,18,18+,San Bernardino
91702,238,52.1,18+,Los Angeles
91706,264,47.2,18+,Los Angeles
91708,12,17.2,18+,San Bernardino
91709,89,15.6,18+,San Bernardino
91710,157,24.4,18+,San Bernardino
91711,55,22.5,18+,Los Angeles
91722,161,58.5,18+,Los Angeles
91723,96,59.7,18+,Los Angeles
91724,69,33.8,18+,Los Angeles
91730,169,31,18+,San Bernardino
91731,68,29.1,18+,Los Angeles
91732,183,40.3,18+,Los Angeles
91733,114,35.3,18+,Los Angeles
91737,32,17.7,18+,San Bernardino
91739,68,23.5,18+,San Bernardino
91740,65,31.8,18+,Los Angeles
91741,51,23.7,18+,Los Angeles
91744,294,47.8,18+,Los Angeles
91745,99,22.4,18+,Los Angeles
91746,73,30,18+,Los Angeles
91748,75,21.1,18+,Los Angeles
91750,58,21,18+,Los Angeles
91752,63,22.9,18+,Riverside
91754,62,23.4,18+,Los Angeles
91755,43,16.7,18+,Los Angeles
91761,140,28.9,18+,San Bernardino
91762,160,37.8,18+,San Bernardino
91763,132,43.6,18+,San Bernardino
91764,196,46,18+,San Bernardino
91765,55,15.7,18+,Los Angeles
91766,250,44.2,18+,Los Angeles
91767,221,59.5,18+,Los Angeles
91768,138,56.8,18+,Los Angeles
91770,134,26.8,18+,Los Angeles
91773,90,31.5,18+,Los Angeles
91775,20,11.4,18+,Los Angeles
91776,81,23.2,18+,Los Angeles
91780,47,16.6,18+,Los Angeles
91784,28,14.8,18+,San Bernardino
91786,176,40.7,18+,San Bernardino
91789,57,17.8,18+,Los Angeles
91790,143,38.1,18+,Los Angeles
91791,80,30.2,18+,Los Angeles
91792,90,40.1,18+,Los Angeles
91801,103,22.6,18+,Los Angeles
91803,84,34.5,18+,Los Angeles
91901,14,11.7,18+,San Diego
91902,23,17.7,18+,San Diego
91910,212,34.9,18+,San Diego
91911,229,35,18+,San Diego
91913,66,19,18+,San Diego
91914,12,10.7,18+,San Diego
91915,19,9.3,18+,San Diego
91932,76,35.3,18+,San Diego
91935,12,15.3,18+,San Diego
91941,54,23.7,18+,San Diego
91942,88,27.4,18+,San Diego
91945,73,37.2,18+,San Diego
91950,234,54.1,18+,San Diego
91977,203,44.3,18+,San Diego
91978,17,22.9,18+,San Diego
92008,30,11.6,18+,San Diego
92009,22,6.3,18+,San Diego
92010,15,15.1,18+,San Diego
92011,13,7.9,18+,San Diego
92014,12,12.3,18+,San Diego
92019,54,15.1,18+,San Diego
92020,168,36.2,18+,San Diego
92021,188,36.1,18+,San Diego
92024,51,12.9,18+,San Diego
92025,86,23,18+,San Diego
92026,73,17.8,18+,San Diego
92027,86,19.9,18+,San Diego
92028,66,19.9,18+,San Diego
92029,20,12.8,18+,San Diego
92037,25,6.1,18+,San Diego
92040,72,23.1,18+,San Diego
92054,69,17.6,18+,San Diego
92056,67,15.8,18+,San Diego
92057,73,16.9,18+,San Diego
92058,58,26.4,18+,San Diego
92064,53,14.6,18+,San Diego
92065,57,20.6,18+,San Diego
92069,63,15.7,18+,San Diego
92071,93,21.4,18+,San Diego
92078,42,12.2,18+,San Diego
92081,37,17,18+,San Diego
92082,19,12.9,18+,San Diego
92083,76,24.1,18+,San Diego
92084,61,15.9,18+,San Diego
92101,167,42.6,18+,San Diego
92102,128,37.5,18+,San Diego
92103,72,25.9,18+,San Diego
92104,85,21.2,18+,San Diego
92105,206,39.4,18+,San Diego
92106,13,7.4,18+,San Diego
92107,42,18.6,18+,San Diego
92108,36,22.4,18+,San Diego
92109,48,12.5,18+,San Diego
92110,40,18.6,18+,San Diego
92111,90,22.9,18+,San Diego
92113,220,60.2,18+,San Diego
92114,268,54.3,18+,San Diego
92115,122,26.3,18+,San Diego
92116,56,19.4,18+,San Diego
92117,69,17.6,18+,San Diego
92118,20,9.5,18+,San Diego
92119,34,20.2,18+,San Diego
92120,72,31.8,18+,San Diego
92122,44,9.9,18+,San Diego
92123,54,24.3,18+,San Diego
92124,42,20.6,18+,San Diego
92126,100,17.6,18+,San Diego
92127,35,10.1,18+,San Diego
92128,54,11.9,18+,San Diego
92129,53,12.9,18+,San Diego
92130,28,7.4,18+,San Diego
92131,17,7.2,18+,San Diego
92139,89,32.8,18+,San Diego
92154,150,22.8,18+,San Diego
92173,63,29.6,18+,San Diego
92201,171,36.5,18+,Riverside
92203,35,15.3,18+,Riverside
92211,28,22.6,18+,Riverside
92220,133,62.5,18+,Riverside
92223,115,30,18+,Riverside
92225,69,37.2,18+,Riverside
92227,133,73.1,18+,Imperial
92230,26,118.3,18+,Riverside
92231,61,20.3,18+,Imperial
92233,14,22.3,18+,Imperial
92234,97,25.7,18+,Riverside
92236,116,38.6,18+,Riverside
92240,122,46.3,18+,Riverside
92241,17,26.9,18+,Riverside
92243,190,48.7,18+,Imperial
92249,15,28.7,18+,Imperial
92250,25,41.1,18+,Imperial
92251,74,50.5,18+,Imperial
92252,46,77.7,18+,San Bernardino
92253,42,18.5,18+,Riverside
92254,12,12.1,18+,Riverside
92257,12,73.1,18+,Imperial
92260,32,17.6,18+,Riverside
92262,55,25.2,18+,Riverside
92264,30,33.9,18+,Riverside
92270,13,8.8,18+,Riverside
92274,34,15.2,18+,Riverside
92276,18,35.1,18+,Riverside
92277,59,30.1,18+,San Bernardino
92284,97,52.7,18+,San Bernardino
92301,183,76,18+,San Bernardino
92307,186,67.2,18+,San Bernardino
92308,131,46.3,18+,San Bernardino
92311,254,109.4,18+,San Bernardino
92313,32,35,18+,San Bernardino
92314,39,45.2,18+,San Bernardino
92315,32,79.8,18+,San Bernardino
92316,85,36.9,18+,San Bernardino
92320,20,32.1,18+,Riverside
92324,194,45.2,18+,San Bernardino
92325,36,62.8,18+,San Bernardino
92335,264,35.5,18+,San Bernardino
92336,172,23.1,18+,San Bernardino
92337,49,17.2,18+,San Bernardino
92344,43,27.4,18+,San Bernardino
92345,227,38.6,18+,San Bernardino
92346,160,38.1,18+,San Bernardino
92352,14,29.7,18+,San Bernardino
92354,27,13.1,18+,San Bernardino
92356,13,26.7,18+,San Bernardino
92359,13,20.8,18+,San Bernardino
92363,28,79.4,18+,San Bernardino
92371,31,22,18+,San Bernardino
92373,34,13.2,18+,San Bernardino
92374,89,28.9,18+,San Bernardino
92376,293,51.4,18+,San Bernardino
92377,36,23.2,18+,San Bernardino
92382,16,42.2,18+,San Bernardino
92392,230,56.1,18+,San Bernardino
92394,149,53.5,18+,San Bernardino
92395,238,75.6,18+,San Bernardino
92399,89,21.2,18+,San Bernardino
92404,379,85.6,18+,San Bernardino
92405,197,95,18+,San Bernardino
92407,230,50.4,18+,San Bernardino
92408,38,35,18+,San Bernardino
92410,287,84.6,18+,San Bernardino
92411,157,89.3,18+,San Bernardino
92501,112,69.4,18+,Riverside
92503,259,37.5,18+,Riverside
92504,138,31.3,18+,Riverside
92505,121,31,18+,Riverside
92506,108,29.6,18+,Riverside
92507,154,38.4,18+,Riverside
92508,58,22.3,18+,Riverside
92509,222,38.2,18+,Riverside
92530,167,39.2,18+,Riverside
92532,53,28.8,18+,Riverside
92539,13,45,18+,Riverside
92543,169,72.7,18+,Riverside
92544,136,38.2,18+,Riverside
92545,139,47.4,18+,Riverside
92548,17,29.9,18+,Riverside
92551,119,49.6,18+,Riverside
92553,292,56.6,18+,Riverside
92555,133,42.4,18+,Riverside
92557,126,32.5,18+,Riverside
92562,117,24.7,18+,Riverside
92563,136,27.3,18+,Riverside
92570,193,45.6,18+,Riverside
92571,153,37.5,18+,Riverside
92582,58,45.9,18+,Riverside
92583,112,48.7,18+,Riverside
92584,90,24.9,18+,Riverside
92585,57,34.9,18+,Riverside
92586,71,67,18+,Riverside
92587,31,24.7,18+,Riverside
92591,54,15.7,18+,Riverside
92592,108,19.4,18+,Riverside
92595,85,32,18+,Riverside
92596,40,19.2,18+,Riverside
92602,18,11.3,18+,Orange
92603,16,9.5,18+,Orange
92604,40,17.3,18+,Orange
92606,30,16.9,18+,Orange
92612,23,8,18+,Orange
92614,32,13.8,18+,Orange
92618,47,16.1,18+,Orange
92620,35,8.7,18+,Orange
92624,12,19.6,18+,Orange
92626,79,18.6,18+,Orange
92627,149,28.3,18+,Orange
92629,29,13.1,18+,Orange
92630,71,13.4,18+,Orange
92637,50,108,18+,Orange
92646,100,23.7,18+,Orange
92647,108,22.2,18+,Orange
92648,57,15.7,18+,Orange
92649,41,13.1,18+,Orange
92651,31,16.9,18+,Orange
92653,36,15.9,18+,Orange
92655,20,34.1,18+,Orange
92656,47,12,18+,Orange
92660,27,8.6,18+,Orange
92663,35,18.2,18+,Orange
92672,31,9.1,18+,Orange
92673,25,12.7,18+,Orange
92675,36,13.7,18+,Orange
92677,69,13.9,18+,Orange
92679,14,4.4,18+,Orange
92683,154,20.5,18+,Orange
92688,31,9,18+,Orange
92691,59,14.1,18+,Orange
92692,57,15.8,18+,Orange
92694,19,13.2,18+,Orange
92701,135,36.2,18+,Orange
92703,136,26.4,18+,Orange
92704,147,22.2,18+,Orange
92705,60,18.5,18+,Orange
92706,81,30.9,18+,Orange
92707,110,22.6,18+,Orange
92708,69,15.4,18+,Orange
92780,94,21.2,18+,Orange
92782,28,14.1,18+,Orange
92801,147,31,18+,Orange
92802,122,36.2,18+,Orange
92804,245,35.4,18+,Orange
92805,193,34.8,18+,Orange
92806,92,29,18+,Orange
92807,59,23.2,18+,Orange
92821,46,14.1,18+,Orange
92831,98,30.4,18+,Orange
92832,61,28.6,18+,Orange
92833,73,16.7,18+,Orange
92835,38,23.2,18+,Orange
92840,85,19.4,18+,Orange
92841,42,16.3,18+,Orange
92843,125,34.4,18+,Orange
92844,41,22.1,18+,Orange
92845,15,11.2,18+,Orange
92860,43,21.3,18+,Riverside
92865,48,30.6,18+,Orange
92866,30,24.4,18+,Orange
92867,55,15.8,18+,Orange
92868,41,19.7,18+,Orange
92869,51,16.3,18+,Orange
92870,96,22.9,18+,Orange
92879,91,25.5,18+,Riverside
92880,97,17.4,18+,Riverside
92881,29,12.6,18+,Riverside
92882,134,26.1,18+,Riverside
92883,47,19.7,18+,Riverside
92886,53,14.3,18+,Orange
92887,13,9.6,18+,Orange
93001,77,29.2,18+,Ventura
93003,103,27.4,18+,Ventura
93004,44,20,18+,Ventura
93010,50,14.5,18+,Ventura
93012,45,15,18+,Ventura
93013,16,11.8,18+,Santa Barbara
93015,22,16.5,18+,Ventura
93021,48,18.3,18+,Ventura
93022,20,65.6,18+,Ventura
93023,30,18.2,18+,Ventura
93030,169,39.3,18+,Ventura
93033,121,20.6,18+,Ventura
93035,46,20.7,18+,Ventura
93036,86,24.7,18+,Ventura
93041,38,23.7,18+,Ventura
93060,70,28.6,18+,Ventura
93063,144,33.4,18+,Ventura
93065,161,29.2,18+,Ventura
93101,69,26.6,18+,Santa Barbara
93103,45,30.6,18+,Santa Barbara
93105,29,14.5,18+,Santa Barbara
93109,16,14.3,18+,Santa Barbara
93110,17,12.4,18+,Santa Barbara
93111,38,29.1,18+,Santa Barbara
93117,56,14,18+,Santa Barbara
93202,18,81,18+,Kings
93203,36,24.8,18+,Kern
93204,19,15.3,18+,Kings
93205,13,110.4,18+,Kern
93210,30,20.8,18+,Fresno
93212,27,14.2,18+,Kings
93215,115,31,18+,Kern
93219,32,45.5,18+,Tulare
93221,26,24.1,18+,Tulare
93223,41,45,18+,Tulare
93230,284,58.4,18+,Kings
93240,29,86.6,18+,Kern
93241,40,34.8,18+,Kern
93245,106,38.1,18+,Kings
93247,34,27.1,18+,Tulare
93250,26,27.2,18+,Kern
93257,147,27.6,18+,Tulare
93263,24,15.4,18+,Kern
93268,13,10.1,18+,Kern
93274,111,20.9,18+,Tulare
93277,73,20,18+,Tulare
93280,33,15.1,18+,Kern
93286,12,16.5,18+,Tulare
93291,103,23.8,18+,Tulare
93292,65,22.2,18+,Tulare
93301,124,133.3,18+,Kern
93304,230,64.1,18+,Kern
93305,235,91.8,18+,Kern
93306,191,39.6,18+,Kern
93307,303,49.7,18+,Kern
93308,196,48.6,18+,Kern
93309,131,29.8,18+,Kern
93311,45,12.7,18+,Kern
93312,68,15.6,18+,Kern
93313,108,28.6,18+,Kern
93314,19,8.8,18+,Kern
93401,43,19.1,18+,San Luis Obispo
93402,43,46.2,18+,San Luis Obispo
93405,26,8.9,18+,San Luis Obispo
93420,55,26.1,18+,San Luis Obispo
93422,45,18.1,18+,San Luis Obispo
93433,23,20.5,18+,San Luis Obispo
93434,14,27.4,18+,Santa Barbara
93436,129,29.9,18+,Santa Barbara
93442,22,23.3,18+,San Luis Obispo
93444,35,25.6,18+,San Luis Obispo
93445,20,37.8,18+,San Luis Obispo
93446,80,23.4,18+,San Luis Obispo
93453,14,67.3,18+,San Luis Obispo
93454,97,35.2,18+,Santa Barbara
93455,81,26.7,18+,Santa Barbara
93458,110,26,18+,Santa Barbara
93465,18,25.9,18+,San Luis Obispo
93501,29,70.2,18+,Kern
93505,49,45,18+,Kern
93510,19,35.6,18+,Los Angeles
93514,31,30.3,18+,Inyo
93534,348,115.5,18+,Los Angeles
93535,468,87.9,18+,Los Angeles
93536,179,30.2,18+,Los Angeles
93543,46,51.4,18+,Los Angeles
93546,42,42.9,18+,Mono
93550,376,69,18+,Los Angeles
93551,128,32.3,18+,Los Angeles
93552,136,48.2,18+,Los Angeles
93555,108,47.2,18+,Kern
93560,50,32.5,18+,Kern
93561,69,27.1,18+,Kern
93591,30,49.1,18+,Los Angeles
93609,17,40.7,18+,Fresno
93610,28,15.9,18+,Madera
93611,55,16.5,18+,Fresno
93612,146,55.9,18+,Fresno
93614,15,18.5,18+,Madera
93616,19,108.2,18+,Fresno
93618,71,33.3,18+,Tulare
93619,52,19,18+,Fresno
93620,40,51.7,18+,Merced
93622,16,27.2,18+,Fresno
93625,24,43.7,18+,Fresno
93630,32,23.7,18+,Fresno
93631,43,34,18+,Fresno
93635,270,88.7,18+,Merced
93636,17,20.6,18+,Madera
93637,124,47.4,18+,Madera
93638,128,35.9,18+,Madera
93640,18,24.3,18+,Fresno
93646,35,53.2,18+,Fresno
93647,31,37.6,18+,Tulare
93648,73,67.4,18+,Fresno
93650,14,53.6,18+,Fresno
93654,103,46.9,18+,Fresno
93656,12,34.4,18+,Fresno
93657,88,31.3,18+,Fresno
93662,190,84.2,18+,Fresno
93701,92,113,18+,Fresno
93702,230,75.6,18+,Fresno
93703,155,64.9,18+,Fresno
93704,108,57.3,18+,Fresno
93705,205,73.6,18+,Fresno
93706,221,76.7,18+,Fresno
93710,101,48.2,18+,Fresno
93711,73,25.3,18+,Fresno
93720,97,25.9,18+,Fresno
93721,41,75.3,18+,Fresno
93722,291,49.3,18+,Fresno
93723,19,24.4,18+,Fresno
93725,64,35.1,18+,Fresno
93726,173,57.8,18+,Fresno
93727,232,43.1,18+,Fresno
93728,88,69.1,18+,Fresno
93737,12,29.4,18+,Fresno
93901,159,79.2,18+,Monterey
93905,188,45.7,18+,Monterey
93906,187,41,18+,Monterey
93907,60,40.2,18+,Monterey
93923,23,52.8,18+,Monterey
93926,29,44.1,18+,Monterey
93927,27,21.3,18+,Monterey
93930,15,13.7,18+,Monterey
93933,54,27.1,18+,Monterey
93940,46,17.4,18+,Monterey
93950,19,18.5,18+,Monterey
93955,88,33.1,18+,Monterey
93960,42,18,18+,Monterey
94002,34,15.7,18+,San Mateo
94005,12,38.5,18+,San Mateo
94010,42,12.2,18+,San Mateo
94014,141,35.7,18+,San Mateo
94015,164,32.1,18+,San Mateo
94019,31,21.9,18+,San Mateo
94025,47,14.7,18+,San Mateo
94030,38,20.2,18+,San Mateo
94040,31,11.1,18+,Santa Clara
94041,15,10.7,18+,Santa Clara
94043,25,11.1,18+,Santa Clara
94044,92,33,18+,San Mateo
94061,56,17.8,18+,San Mateo
94062,23,10.5,18+,San Mateo
94063,121,47.5,18+,San Mateo
94066,127,35,18+,San Mateo
94070,36,16.6,18+,San Mateo
94080,155,30.4,18+,San Mateo
94085,24,15.8,18+,Santa Clara
94086,46,11.9,18+,Santa Clara
94087,29,7.1,18+,Santa Clara
94089,47,25.7,18+,Santa Clara
94102,193,55.2,18+,San Francisco
94103,178,50.8,18+,San Francisco
94107,52,21.1,18+,San Francisco
94108,21,14.8,18+,San Francisco
94109,93,18,18+,San Francisco
94110,213,35.8,18+,San Francisco
94112,173,25.4,18+,San Francisco
94114,36,11.9,18+,San Francisco
94115,109,38.1,18+,San Francisco
94116,40,10.5,18+,San Francisco
94117,78,28.3,18+,San Francisco
94118,37,10.2,18+,San Francisco
94121,43,11.6,18+,San Francisco
94122,64,12.4,18+,San Francisco
94123,19,8.1,18+,San Francisco
94124,203,68.2,18+,San Francisco
94127,34,22.9,18+,San Francisco
94130,12,131,18+,San Francisco
94131,28,11.5,18+,San Francisco
94132,56,25.9,18+,San Francisco
94133,39,15.4,18+,San Francisco
94134,144,44,18+,San Francisco
94303,121,34.6,18+,Santa Clara
94306,13,5.7,18+,Santa Clara
94401,88,32.9,18+,San Mateo
94402,39,22.1,18+,San Mateo
94403,66,18.3,18+,San Mateo
94404,33,11.7,18+,San Mateo
94501,215,42.6,18+,Alameda
94502,18,17.5,18+,Alameda
94503,76,47,18+,Napa
94505,28,25.3,18+,Contra Costa
94506,25,14,18+,Contra Costa
94507,24,19.3,18+,Contra Costa
94509,511,106.2,18+,Contra Costa
94510,78,37,18+,Solano
94513,224,47.6,18+,Contra Costa
94518,76,36.8,18+,Contra Costa
94519,61,41.6,18+,Contra Costa
94520,194,63.8,18+,Contra Costa
94521,119,33.8,18+,Contra Costa
94523,65,22.7,18+,Contra Costa
94525,14,50.6,18+,Contra Costa
94526,30,13.1,18+,Contra Costa
94530,64,32,18+,Contra Costa
94531,251,75.4,18+,Contra Costa
94533,513,84.4,18+,Solano
94534,95,31.2,18+,Solano
94536,118,21.3,18+,Alameda
94538,131,26.3,18+,Alameda
94539,41,10.7,18+,Alameda
94541,277,55.7,18+,Alameda
94542,23,16.6,18+,Alameda
94544,355,61.5,18+,Alameda
94545,139,54.5,18+,Alameda
94546,125,38.2,18+,Alameda
94547,66,34.7,18+,Contra Costa
94549,24,11,18+,Contra Costa
94550,65,17.7,18+,Alameda
94551,56,18.7,18+,Alameda
94552,22,22.7,18+,Alameda
94553,114,30.1,18+,Contra Costa
94555,67,24.9,18+,Alameda
94556,14,9,18+,Contra Costa
94558,175,33.1,18+,Napa
94559,64,27.6,18+,Napa
94560,119,34.2,18+,Alameda
94561,144,46,18+,Contra Costa
94564,68,44.9,18+,Contra Costa
94565,689,100.4,18+,Contra Costa
94566,61,17,18+,Alameda
94568,106,23.7,18+,Alameda
94571,31,52,18+,Solano
94572,40,55.6,18+,Contra Costa
94577,168,46,18+,Alameda
94578,205,66.3,18+,Alameda
94579,37,22.3,18+,Alameda
94580,132,59.5,18+,Alameda
94582,65,23.1,18+,Contra Costa
94583,50,17.8,18+,Contra Costa
94585,182,84.9,18+,Solano
94587,151,26.5,18+,Alameda
94588,48,20.5,18+,Alameda
94589,229,98.6,18+,Solano
94590,354,132.3,18+,Solano
94591,296,70.6,18+,Solano
94595,14,6.6,18+,Contra Costa
94596,26,14.8,18+,Contra Costa
94597,40,19.1,18+,Contra Costa
94598,29,11.7,18+,Contra Costa
94601,286,71.9,18+,Alameda
94602,106,47.2,18+,Alameda
94603,285,114.1,18+,Alameda
94605,337,108.6,18+,Alameda
94606,175,56.1,18+,Alameda
94607,185,82,18+,Alameda
94608,146,55.2,18+,Alameda
94609,120,65.3,18+,Alameda
94610,76,31.9,18+,Alameda
94611,46,14.8,18+,Alameda
94612,93,55.2,18+,Alameda
94618,13,12.7,18+,Alameda
94619,91,48,18+,Alameda
94621,253,104,18+,Alameda
94702,66,47,18+,Alameda
94703,91,53,18+,Alameda
94704,28,26.3,18+,Alameda
94705,29,33.3,18+,Alameda
94706,25,16,18+,Alameda
94707,14,13.9,18+,Alameda
94709,14,16.8,18+,Alameda
94710,34,42.8,18+,Alameda
94801,255,104,18+,Contra Costa
94803,65,35.5,18+,Contra Costa
94804,317,101,18+,Contra Costa
94805,62,55.4,18+,Contra Costa
94806,264,53.9,18+,Contra Costa
94901,62,19,18+,Marin
94903,56,24.5,18+,Marin
94904,17,16.6,18+,Marin
94920,14,14.6,18+,Marin
94928,108,28.9,18+,Sonoma
94930,12,15.9,18+,Marin
94931,21,30.3,18+,Sonoma
94941,25,12.1,18+,Marin
94945,39,32.3,18+,Marin
94947,53,28.4,18+,Marin
94949,39,30.2,18+,Marin
94951,12,34.7,18+,Sonoma
94952,78,30.5,18+,Sonoma
94954,102,33.4,18+,Sonoma
94960,17,14.9,18+,Marin
94965,28,36.3,18+,Marin
95003,35,18.9,18+,Santa Cruz
95006,19,31.4,18+,Santa Cruz
95008,101,26.3,18+,Santa Clara
95010,20,27.1,18+,Santa Cruz
95012,26,32.7,18+,Monterey
95014,25,5,18+,Santa Clara
95018,13,20,18+,Santa Cruz
95019,20,34,18+,Santa Cruz
95020,189,40.1,18+,Santa Clara
95023,191,51.6,18+,San Benito
95032,34,14.2,18+,Santa Clara
95035,107,17.7,18+,Santa Clara
95037,80,20.1,18+,Santa Clara
95046,19,36.5,18+,Santa Clara
95050,67,20.3,18+,Santa Clara
95051,93,19.6,18+,Santa Clara
95054,32,19.3,18+,Santa Clara
95060,57,14,18+,Santa Cruz
95062,47,16.1,18+,Santa Cruz
95066,21,19.3,18+,Santa Cruz
95070,27,12.5,18+,Santa Clara
95073,18,21.7,18+,Santa Cruz
95076,220,36.8,18+,Santa Cruz
95110,48,28.7,18+,Santa Clara
95111,171,38.4,18+,Santa Clara
95112,196,43.3,18+,Santa Clara
95113,61,368.9,18+,Santa Clara
95116,237,58.6,18+,Santa Clara
95117,54,22.3,18+,Santa Clara
95118,77,32.1,18+,Santa Clara
95119,23,25.7,18+,Santa Clara
95120,39,13.6,18+,Santa Clara
95121,80,28.4,18+,Santa Clara
95122,208,48.5,18+,Santa Clara
95123,175,32.7,18+,Santa Clara
95124,72,19,18+,Santa Clara
95125,87,20.9,18+,Santa Clara
95126,68,26,18+,Santa Clara
95127,174,38.6,18+,Santa Clara
95128,102,35.1,18+,Santa Clara
95129,32,11.3,18+,Santa Clara
95130,23,21.9,18+,Santa Clara
95131,58,23.8,18+,Santa Clara
95132,49,14.6,18+,Santa Clara
95133,52,23.3,18+,Santa Clara
95134,19,7.8,18+,Santa Clara
95135,16,8.5,18+,Santa Clara
95136,95,27.7,18+,Santa Clara
95138,26,18.1,18+,Santa Clara
95148,82,22.8,18+,Santa Clara
95202,107,222.6,18+,San Joaquin
95203,146,118.3,18+,San Joaquin
95204,152,69.4,18+,San Joaquin
95205,196,71.3,18+,San Joaquin
95206,343,75.1,18+,San Joaquin
95207,279,81.3,18+,San Joaquin
95209,157,50.2,18+,San Joaquin
95210,204,70.5,18+,San Joaquin
95212,61,28.6,18+,San Joaquin
95215,72,40.8,18+,San Joaquin
95219,79,36.3,18+,San Joaquin
95220,17,29.6,18+,San Joaquin
95228,16,54.5,18+,Calaveras
95231,24,64.4,18+,San Joaquin
95240,173,50.4,18+,San Joaquin
95242,40,19.3,18+,San Joaquin
95249,20,96.3,18+,Calaveras
95252,34,33,18+,Calaveras
95255,16,155.4,18+,Calaveras
95301,112,39.2,18+,Merced
95304,42,30.2,18+,San Joaquin
95307,108,35.3,18+,Stanislaus
95315,39,38.4,18+,Merced
95316,24,53.8,18+,Stanislaus
95320,18,18.5,18+,San Joaquin
95321,13,63.7,18+,Tuolumne
95322,15,22.3,18+,Merced
95324,15,27.8,18+,Merced
95326,23,29.2,18+,Stanislaus
95327,44,53.4,18+,Tuolumne
95330,88,54.3,18+,San Joaquin
95334,40,38.8,18+,Merced
95336,227,67.1,18+,San Joaquin
95337,137,48,18+,San Joaquin
95338,51,78.8,18+,Mariposa
95340,190,74,18+,Merced
95341,125,56.2,18+,Merced
95348,107,43.4,18+,Merced
95350,219,56.8,18+,Stanislaus
95351,271,82.6,18+,Stanislaus
95354,142,72.9,18+,Stanislaus
95355,217,47.1,18+,Stanislaus
95356,100,38.8,18+,Stanislaus
95357,43,44,18+,Stanislaus
95358,94,42,18+,Stanislaus
95360,24,27.6,18+,Stanislaus
95361,105,41.9,18+,Stanislaus
95363,55,27.2,18+,Stanislaus
95365,12,57.8,18+,Merced
95366,35,25.7,18+,San Joaquin
95367,77,41.9,18+,Stanislaus
95368,35,31.8,18+,Stanislaus
95370,81,45.2,18+,Tuolumne
95376,241,60.4,18+,San Joaquin
95377,78,32.8,18+,San Joaquin
95379,12,48.4,18+,Tuolumne
95380,114,39.2,18+,Stanislaus
95382,84,26.8,18+,Stanislaus
95383,14,54.9,18+,Tuolumne
95386,36,50.1,18+,Stanislaus
95388,47,44.6,18+,Merced
95391,49,52.1,18+,San Joaquin
95401,96,33.3,18+,Sonoma
95403,136,45,18+,Sonoma
95404,98,31.9,18+,Sonoma
95405,82,50.8,18+,Sonoma
95407,148,49.3,18+,Sonoma
95409,74,37.7,18+,Sonoma
95422,157,122.1,18+,Lake
95423,40,159.2,18+,Lake
95425,22,25.7,18+,Sonoma
95437,44,38.4,18+,Mendocino
95448,45,34.8,18+,Sonoma
95451,46,57.1,18+,Lake
95453,34,43.9,18+,Lake
95457,27,107.5,18+,Lake
95458,14,63.2,18+,Lake
95461,14,55.4,18+,Lake
95464,12,73,18+,Lake
95467,21,59.2,18+,Lake
95470,21,45.1,18+,Mendocino
95472,51,24.9,18+,Sonoma
95476,57,20.2,18+,Sonoma
95482,164,72.2,18+,Mendocino
95485,13,73,18+,Lake
95490,81,78.1,18+,Mendocino
95492,69,33.3,18+,Sonoma
95501,129,65,18+,Humboldt
95503,79,42.7,18+,Humboldt
95519,58,41.8,18+,Humboldt
95521,80,40.8,18+,Humboldt
95531,79,43.8,18+,Del Norte
95540,56,54.8,18+,Humboldt
95542,15,62.9,18+,Humboldt
95562,20,72.5,18+,Humboldt
95602,51,52.2,18+,Placer
95603,74,39.8,18+,Placer
95605,62,56.8,18+,Yolo
95608,254,59.6,18+,Sacramento
95610,192,51.2,18+,Sacramento
95616,85,21.1,18+,Yolo
95618,50,22.5,18+,Yolo
95619,18,63,18+,El Dorado
95620,75,47,18+,Solano
95621,159,48.1,18+,Sacramento
95624,158,31.9,18+,Sacramento
95626,23,43.5,18+,Sacramento
95628,124,41.3,18+,Sacramento
95630,123,20.8,18+,Sacramento
95631,12,23.2,18+,Placer
95632,91,39.9,18+,Sacramento
95640,15,16.1,18+,Amador
95642,40,89.8,18+,Amador
95648,105,27.7,18+,Placer
95650,21,19.9,18+,Placer
95658,14,42.9,18+,Placer
95660,242,102.4,18+,Sacramento
95661,75,33.7,18+,Placer
95662,104,35.6,18+,Sacramento
95666,18,49.5,18+,Amador
95667,124,45.5,18+,El Dorado
95670,240,60.6,18+,Sacramento
95673,73,58.5,18+,Sacramento
95677,65,35.6,18+,Placer
95678,138,38.8,18+,Placer
95682,73,35.6,18+,El Dorado
95687,278,55.8,18+,Solano
95688,188,70.2,18+,Solano
95691,125,45.1,18+,Yolo
95692,12,35.1,18+,Yuba
95694,15,22.2,18+,Yolo
95695,123,42.8,18+,Yolo
95713,15,19.5,18+,Placer
95722,12,39.4,18+,Placer
95726,30,45.2,18+,El Dorado
95742,23,33.8,18+,Sacramento
95746,39,31,18+,Placer
95747,129,28.1,18+,Placer
95757,120,33.5,18+,Sacramento
95758,192,40.4,18+,Sacramento
95762,42,13,18+,El Dorado
95765,57,19.6,18+,Placer
95776,49,24.9,18+,Yolo
95811,82,110.6,18+,Sacramento
95814,49,54.6,18+,Sacramento
95815,264,138.7,18+,Sacramento
95816,63,42.9,18+,Sacramento
95817,73,64,18+,Sacramento
95818,99,59,18+,Sacramento
95819,19,12.2,18+,Sacramento
95820,247,88.8,18+,Sacramento
95821,264,110.9,18+,Sacramento
95822,220,68.2,18+,Sacramento
95823,569,102,18+,Sacramento
95824,232,100.4,18+,Sacramento
95825,249,94.4,18+,Sacramento
95826,147,49.3,18+,Sacramento
95827,91,54.5,18+,Sacramento
95828,293,65,18+,Sacramento
95829,75,35.2,18+,Sacramento
95831,102,34.4,18+,Sacramento
95832,59,70.5,18+,Sacramento
95833,201,64.7,18+,Sacramento
95834,157,72.3,18+,Sacramento
95835,88,31.8,18+,Sacramento
95838,316,116.7,18+,Sacramento
95841,128,82.9,18+,Sacramento
95842,197,85.1,18+,Sacramento
95843,189,51.6,18+,Sacramento
95864,56,33.6,18+,Sacramento
95901,128,52.3,18+,Yuba
95917,18,71.9,18+,Butte
95926,147,50.7,18+,Butte
95928,133,42.7,18+,Butte
95932,27,48.6,18+,Colusa
95945,59,32.7,18+,Nevada
95948,29,36.7,18+,Butte
95949,26,19.8,18+,Nevada
95953,26,31.5,18+,Sutter
95954,34,43.6,18+,Butte
95959,33,22.4,18+,Nevada
95961,77,40,18+,Yuba
95963,28,23.6,18+,Glenn
95965,50,33.8,18+,Butte
95966,84,38.8,18+,Butte
95969,91,50.5,18+,Butte
95971,14,32.1,18+,Plumas
95973,97,35.6,18+,Butte
95987,18,40.4,18+,Colusa
95988,37,58.4,18+,Glenn
95991,92,30.7,18+,Sutter
95993,47,17.1,18+,Sutter
96001,102,44.3,18+,Shasta
96002,107,46.7,18+,Shasta
96003,79,23,18+,Shasta
96007,51,33.5,18+,Shasta
96019,27,40.1,18+,Shasta
96021,55,46.7,18+,Tehama
96022,22,20.6,18+,Shasta
96064,16,41.5,18+,Siskiyou
96067,14,26.3,18+,Siskiyou
96080,107,53.5,18+,Tehama
96093,21,90.3,18+,Trinity
96094,21,37.1,18+,Siskiyou
96097,21,27.5,18+,Siskiyou
96101,47,113.9,18+,Modoc
96122,18,73.2,18+,Plumas
96130,59,31,18+,Lassen
96137,20,93,18+,Lassen
96150,56,23.1,18+,El Dorado
96161,29,18.9,18+,Nevada
90001,407,64.9,All Ages,Los Angeles
90002,480,83.6,All Ages,Los Angeles
90003,710,94.5,All Ages,Los Angeles
90004,275,44.6,All Ages,Los Angeles
90005,108,26,All Ages,Los Angeles
90006,250,42,All Ages,Los Angeles
90007,175,53.3,All Ages,Los Angeles
90008,324,102.7,All Ages,Los Angeles
90011,645,55.2,All Ages,Los Angeles
90012,87,25.5,All Ages,Los Angeles
90013,113,77.1,All Ages,Los Angeles
90014,31,30.5,All Ages,Los Angeles
90015,97,41.1,All Ages,Los Angeles
90016,342,70,All Ages,Los Angeles
90017,118,42.1,All Ages,Los Angeles
90018,396,76.5,All Ages,Los Angeles
90019,345,54,All Ages,Los Angeles
90020,149,39.8,All Ages,Los Angeles
90021,18,47.3,All Ages,Los Angeles
90022,367,52.3,All Ages,Los Angeles
90023,259,51.3,All Ages,Los Angeles
90024,61,20.8,All Ages,Los Angeles
90025,78,21.3,All Ages,Los Angeles
90026,282,43.9,All Ages,Los Angeles
90027,170,43.1,All Ages,Los Angeles
90028,133,46.5,All Ages,Los Angeles
90029,208,58.1,All Ages,Los Angeles
90031,152,36.6,All Ages,Los Angeles
90032,237,50.7,All Ages,Los Angeles
90033,329,65,All Ages,Los Angeles
90034,151,28,All Ages,Los Angeles
90035,78,26.3,All Ages,Los Angeles
90036,75,22.1,All Ages,Los Angeles
90037,553,84.7,All Ages,Los Angeles
90038,108,37.2,All Ages,Los Angeles
90039,97,37.4,All Ages,Los Angeles
90040,69,54.7,All Ages,Los Angeles
90041,102,37,All Ages,Los Angeles
90042,222,34.6,All Ages,Los Angeles
90043,464,106.1,All Ages,Los Angeles
90044,946,96.2,All Ages,Los Angeles
90045,68,18,All Ages,Los Angeles
90046,96,21.6,All Ages,Los Angeles
90047,506,103,All Ages,Los Angeles
90048,42,18.6,All Ages,Los Angeles
90049,39,11.9,All Ages,Los Angeles
90056,40,67.6,All Ages,Los Angeles
90057,265,60.3,All Ages,Los Angeles
90058,42,121.9,All Ages,Los Angeles
90059,534,113,All Ages,Los Angeles
90061,354,119.5,All Ages,Los Angeles
90062,263,77.6,All Ages,Los Angeles
90063,285,48.3,All Ages,Los Angeles
90064,71,28.9,All Ages,Los Angeles
90065,206,45,All Ages,Los Angeles
90066,105,20.2,All Ages,Los Angeles
90068,33,14.6,All Ages,Los Angeles
90069,26,17.5,All Ages,Los Angeles
90201,475,43.7,All Ages,Los Angeles
90210,22,9.4,All Ages,Los Angeles
90211,20,19.6,All Ages,Los Angeles
90212,43,34.7,All Ages,Los Angeles
90220,447,86.5,All Ages,Los Angeles
90221,406,68.4,All Ages,Los Angeles
90222,334,95.2,All Ages,Los Angeles
90230,102,33.6,All Ages,Los Angeles
90232,58,35.6,All Ages,Los Angeles
90240,110,42.2,All Ages,Los Angeles
90241,165,37.7,All Ages,Los Angeles
90242,168,38.2,All Ages,Los Angeles
90245,27,18.4,All Ages,Los Angeles
90247,341,73,All Ages,Los Angeles
90248,57,57,All Ages,Los Angeles
90249,162,60.9,All Ages,Los Angeles
90250,525,53.3,All Ages,Los Angeles
90254,17,10.7,All Ages,Los Angeles
90255,385,52.3,All Ages,Los Angeles
90260,170,47.9,All Ages,Los Angeles
90262,422,56.9,All Ages,Los Angeles
90265,17,10.6,All Ages,Los Angeles
90266,34,10.4,All Ages,Los Angeles
90270,100,33.3,All Ages,Los Angeles
90272,16,6.5,All Ages,Los Angeles
90274,34,14.3,All Ages,Los Angeles
90275,54,14.7,All Ages,Los Angeles
90277,63,20.7,All Ages,Los Angeles
90278,94,22.5,All Ages,Los Angeles
90280,365,37.1,All Ages,Los Angeles
90291,82,30.6,All Ages,Los Angeles
90292,39,15.7,All Ages,Los Angeles
90293,12,19.8,All Ages,Los Angeles
90301,259,67.9,All Ages,Los Angeles
90302,205,66.3,All Ages,Los Angeles
90303,187,72.9,All Ages,Los Angeles
90304,133,41.9,All Ages,Los Angeles
90305,126,99.6,All Ages,Los Angeles
90401,36,38.3,All Ages,Los Angeles
90402,18,14.6,All Ages,Los Angeles
90403,64,26.8,All Ages,Los Angeles
90404,138,66.1,All Ages,Los Angeles
90405,73,30.1,All Ages,Los Angeles
90501,181,41.2,All Ages,Los Angeles
90502,72,42.1,All Ages,Los Angeles
90503,92,22.1,All Ages,Los Angeles
90504,76,25,All Ages,Los Angeles
90505,76,23.5,All Ages,Los Angeles
90601,124,40.5,All Ages,Los Angeles
90602,139,51.4,All Ages,Los Angeles
90603,69,36.6,All Ages,Los Angeles
90604,168,39.9,All Ages,Los Angeles
90605,207,50,All Ages,Los Angeles
90606,148,43.8,All Ages,Los Angeles
90620,142,32,All Ages,Orange
90621,130,34.7,All Ages,Orange
90623,50,36.6,All Ages,Orange
90630,112,24.1,All Ages,Orange
90631,196,28.1,All Ages,Orange
90638,114,23.8,All Ages,Los Angeles
90640,303,48,All Ages,Los Angeles
90650,447,40.7,All Ages,Los Angeles
90660,259,40.7,All Ages,Los Angeles
90670,74,46,All Ages,Los Angeles
90680,138,44.4,All Ages,Orange
90701,55,33.7,All Ages,Los Angeles
90703,132,29.2,All Ages,Los Angeles
90704,29,77.6,All Ages,Los Angeles
90706,391,48.1,All Ages,Los Angeles
90710,126,49.8,All Ages,Los Angeles
90712,102,33.8,All Ages,Los Angeles
90713,56,21.6,All Ages,Los Angeles
90715,95,46.4,All Ages,Los Angeles
90716,63,41.6,All Ages,Los Angeles
90717,89,42.9,All Ages,Los Angeles
90720,46,24,All Ages,Orange
90723,243,43.8,All Ages,Los Angeles
90731,448,71.2,All Ages,Los Angeles
90732,54,29.9,All Ages,Los Angeles
90740,52,28,All Ages,Orange
90744,323,55.9,All Ages,Los Angeles
90745,294,51.3,All Ages,Los Angeles
90746,215,92.3,All Ages,Los Angeles
90755,54,46.8,All Ages,Los Angeles
90802,153,39.8,All Ages,Los Angeles
90803,50,17.2,All Ages,Los Angeles
90804,230,58.2,All Ages,Los Angeles
90805,659,65.3,All Ages,Los Angeles
90806,317,69.5,All Ages,Los Angeles
90807,117,38.4,All Ages,Los Angeles
90808,76,22.3,All Ages,Los Angeles
90810,189,48.9,All Ages,Los Angeles
90813,484,77.3,All Ages,Los Angeles
90814,48,32,All Ages,Los Angeles
90815,69,17.5,All Ages,Los Angeles
91001,113,35.2,All Ages,Los Angeles
91006,52,17.8,All Ages,Los Angeles
91007,53,19.7,All Ages,Los Angeles
91010,93,36.4,All Ages,Los Angeles
91011,30,18.9,All Ages,Los Angeles
91016,115,28.3,All Ages,Los Angeles
91020,12,16.8,All Ages,Los Angeles
91030,54,23.7,All Ages,Los Angeles
91040,77,36.7,All Ages,Los Angeles
91042,72,27.5,All Ages,Los Angeles
91101,42,23.3,All Ages,Los Angeles
91103,118,39.7,All Ages,Los Angeles
91104,96,28,All Ages,Los Angeles
91105,23,16.8,All Ages,Los Angeles
91106,52,27.4,All Ages,Los Angeles
91107,63,21.2,All Ages,Los Angeles
91201,44,22.3,All Ages,Los Angeles
91202,45,22.7,All Ages,Los Angeles
91203,51,29.2,All Ages,Los Angeles
91204,76,42.8,All Ages,Los Angeles
91205,115,30.6,All Ages,Los Angeles
91206,110,34.9,All Ages,Los Angeles
91208,61,40.4,All Ages,Los Angeles
91214,71,28,All Ages,Los Angeles
91301,30,12,All Ages,Los Angeles
91302,52,20.9,All Ages,Los Angeles
91303,214,75.3,All Ages,Los Angeles
91304,251,52.1,All Ages,Los Angeles
91306,246,54.1,All Ages,Los Angeles
91307,82,35.6,All Ages,Los Angeles
91311,163,46.4,All Ages,Los Angeles
91316,134,51.7,All Ages,Los Angeles
91320,81,19.8,All Ages,Ventura
91321,111,30.2,All Ages,Los Angeles
91324,120,41.5,All Ages,Los Angeles
91325,165,49.8,All Ages,Los Angeles
91326,75,23.1,All Ages,Los Angeles
91331,599,55.7,All Ages,Los Angeles
91335,504,66.8,All Ages,Los Angeles
91340,214,55.4,All Ages,Los Angeles
91342,459,47.3,All Ages,Los Angeles
91343,456,69.7,All Ages,Los Angeles
91344,167,34.3,All Ages,Los Angeles
91345,94,49.5,All Ages,Los Angeles
91350,86,22.3,All Ages,Los Angeles
91351,125,38.6,All Ages,Los Angeles
91352,250,49,All Ages,Los Angeles
91354,48,16.1,All Ages,Los Angeles
91355,63,18.2,All Ages,Los Angeles
91356,114,40.9,All Ages,Los Angeles
91360,98,25.3,All Ages,Ventura
91361,23,10.1,All Ages,Ventura
91362,60,17.4,All Ages,Ventura
91364,62,23.9,All Ages,Los Angeles
91367,118,27.6,All Ages,Los Angeles
91377,16,11.6,All Ages,Ventura
91381,33,18.9,All Ages,Los Angeles
91384,63,22.2,All Ages,Los Angeles
91387,143,32.5,All Ages,Los Angeles
91390,37,17.6,All Ages,Los Angeles
91401,189,45.6,All Ages,Los Angeles
91402,501,68.6,All Ages,Los Angeles
91403,74,32,All Ages,Los Angeles
91405,404,80.3,All Ages,Los Angeles
91406,314,57.4,All Ages,Los Angeles
91411,123,49.9,All Ages,Los Angeles
91423,71,27.2,All Ages,Los Angeles
91436,31,21.2,All Ages,Los Angeles
91501,51,23.8,All Ages,Los Angeles
91502,27,26.7,All Ages,Los Angeles
91504,56,22.1,All Ages,Los Angeles
91505,86,28.3,All Ages,Los Angeles
91506,46,26.8,All Ages,Los Angeles
91601,201,53.4,All Ages,Los Angeles
91602,25,15.8,All Ages,Los Angeles
91604,54,20.1,All Ages,Los Angeles
91605,355,61,All Ages,Los Angeles
91606,234,52.7,All Ages,Los Angeles
91607,77,28.5,All Ages,Los Angeles
91701,74,18.4,All Ages,San Bernardino
91702,430,68.7,All Ages,Los Angeles
91706,454,57.7,All Ages,Los Angeles
91708,24,22,All Ages,San Bernardino
91709,149,20.2,All Ages,San Bernardino
91710,276,33.2,All Ages,San Bernardino
91711,72,24.2,All Ages,Los Angeles
91722,234,64.8,All Ages,Los Angeles
91723,141,70.5,All Ages,Los Angeles
91724,109,44,All Ages,Los Angeles
91730,246,35,All Ages,San Bernardino
91731,144,46.8,All Ages,Los Angeles
91732,362,57.1,All Ages,Los Angeles
91733,224,48.1,All Ages,Los Angeles
91737,47,20.8,All Ages,San Bernardino
91739,96,24.3,All Ages,San Bernardino
91740,121,49.3,All Ages,Los Angeles
91741,78,31,All Ages,Los Angeles
91744,509,59.8,All Ages,Los Angeles
91745,176,35.9,All Ages,Los Angeles
91746,127,38.6,All Ages,Los Angeles
91748,104,25,All Ages,Los Angeles
91750,94,30.3,All Ages,Los Angeles
91752,101,26.3,All Ages,Riverside
91754,91,29.4,All Ages,Los Angeles
91755,65,25.2,All Ages,Los Angeles
91761,222,34.4,All Ages,San Bernardino
91762,258,43.7,All Ages,San Bernardino
91763,203,49.1,All Ages,San Bernardino
91764,286,48.1,All Ages,San Bernardino
91765,90,22.5,All Ages,Los Angeles
91766,398,50.8,All Ages,Los Angeles
91767,337,66.2,All Ages,Los Angeles
91768,234,70.2,All Ages,Los Angeles
91770,205,34.1,All Ages,Los Angeles
91773,147,47.1,All Ages,Los Angeles
91775,48,22.5,All Ages,Los Angeles
91776,122,32.1,All Ages,Los Angeles
91780,80,26.4,All Ages,Los Angeles
91784,48,20.6,All Ages,San Bernardino
91786,249,45.4,All Ages,San Bernardino
91789,80,22.2,All Ages,Los Angeles
91790,222,46.4,All Ages,Los Angeles
91791,126,38.8,All Ages,Los Angeles
91792,124,43.4,All Ages,Los Angeles
91801,163,32.6,All Ages,Los Angeles
91803,117,40.3,All Ages,Los Angeles
91901,26,17.6,All Ages,San Diego
91902,41,27.2,All Ages,San Diego
91906,18,52.1,All Ages,San Diego
91910,352,45.9,All Ages,San Diego
91911,385,44.5,All Ages,San Diego
91913,128,25.1,All Ages,San Diego
91914,29,16.7,All Ages,San Diego
91915,49,15.3,All Ages,San Diego
91932,133,48.3,All Ages,San Diego
91935,17,20.8,All Ages,San Diego
91941,80,27,All Ages,San Diego
91942,122,31.8,All Ages,San Diego
91945,136,52.2,All Ages,San Diego
91950,388,66.1,All Ages,San Diego
91977,318,52.1,All Ages,San Diego
91978,28,30.2,All Ages,San Diego
92007,17,18.7,All Ages,San Diego
92008,40,13.9,All Ages,San Diego
92009,37,8.2,All Ages,San Diego
92010,30,21.9,All Ages,San Diego
92011,23,11,All Ages,San Diego
92014,15,12.7,All Ages,San Diego
92019,103,25.1,All Ages,San Diego
92020,251,40.9,All Ages,San Diego
92021,289,42.9,All Ages,San Diego
92024,76,15.7,All Ages,San Diego
92025,131,25.2,All Ages,San Diego
92026,108,20.3,All Ages,San Diego
92027,132,22.6,All Ages,San Diego
92028,97,22.1,All Ages,San Diego
92029,31,16.1,All Ages,San Diego
92037,38,10,All Ages,San Diego
92040,114,28.2,All Ages,San Diego
92054,106,22,All Ages,San Diego
92056,107,21,All Ages,San Diego
92057,116,20.1,All Ages,San Diego
92058,90,30.8,All Ages,San Diego
92064,97,21.7,All Ages,San Diego
92065,81,22.9,All Ages,San Diego
92069,102,18.8,All Ages,San Diego
92071,140,25.7,All Ages,San Diego
92075,13,13.2,All Ages,San Diego
92078,72,15.5,All Ages,San Diego
92081,50,18.3,All Ages,San Diego
92082,34,17.9,All Ages,San Diego
92083,127,29.2,All Ages,San Diego
92084,106,20.8,All Ages,San Diego
92101,190,50.9,All Ages,San Diego
92102,230,50,All Ages,San Diego
92103,84,29.4,All Ages,San Diego
92104,127,28.5,All Ages,San Diego
92105,380,50.1,All Ages,San Diego
92106,21,10.6,All Ages,San Diego
92107,55,23.3,All Ages,San Diego
92108,50,29.2,All Ages,San Diego
92109,68,21.2,All Ages,San Diego
92110,68,32.3,All Ages,San Diego
92111,180,39.5,All Ages,San Diego
92113,399,72.9,All Ages,San Diego
92114,434,66.4,All Ages,San Diego
92115,237,44.2,All Ages,San Diego
92116,91,32.3,All Ages,San Diego
92117,111,25,All Ages,San Diego
92118,29,14,All Ages,San Diego
92119,48,23.6,All Ages,San Diego
92120,100,37.9,All Ages,San Diego
92122,61,15.3,All Ages,San Diego
92123,103,36.7,All Ages,San Diego
92124,70,23.5,All Ages,San Diego
92126,164,23.3,All Ages,San Diego
92127,80,15.4,All Ages,San Diego
92128,81,16.2,All Ages,San Diego
92129,76,14,All Ages,San Diego
92130,46,8.3,All Ages,San Diego
92131,35,10.1,All Ages,San Diego
92139,142,39.7,All Ages,San Diego
92154,290,34.4,All Ages,San Diego
92173,125,40.9,All Ages,San Diego
92201,258,39.1,All Ages,Riverside
92203,60,19.6,All Ages,Riverside
92211,37,26.3,All Ages,Riverside
92220,193,68.2,All Ages,Riverside
92223,172,32.3,All Ages,Riverside
92225,117,52.9,All Ages,Riverside
92227,320,112.1,All Ages,Imperial
92230,29,97.9,All Ages,Riverside
92231,128,30.4,All Ages,Imperial
92233,28,44.6,All Ages,Imperial
92234,141,28,All Ages,Riverside
92236,197,41.9,All Ages,Riverside
92240,197,52.6,All Ages,Riverside
92241,25,32.1,All Ages,Riverside
92243,358,67.2,All Ages,Imperial
92249,39,47.1,All Ages,Imperial
92250,46,55.7,All Ages,Imperial
92251,153,72.8,All Ages,Imperial
92252,56,70.8,All Ages,San Bernardino
92253,63,21,All Ages,Riverside
92254,26,16.1,All Ages,Riverside
92257,15,76.9,All Ages,Imperial
92260,43,19.4,All Ages,Riverside
92262,76,30.8,All Ages,Riverside
92264,35,33,All Ages,Riverside
92270,17,12.6,All Ages,Riverside
92274,61,20.5,All Ages,Riverside
92276,24,35.7,All Ages,Riverside
92277,91,36.1,All Ages,San Bernardino
92281,30,101.8,All Ages,Imperial
92284,137,57.3,All Ages,San Bernardino
92301,295,80.7,All Ages,San Bernardino
92307,310,83.4,All Ages,San Bernardino
92308,210,54.4,All Ages,San Bernardino
92311,370,113.9,All Ages,San Bernardino
92313,51,44.2,All Ages,San Bernardino
92314,47,42,All Ages,San Bernardino
92315,42,85.1,All Ages,San Bernardino
92316,157,47.5,All Ages,San Bernardino
92320,22,27.4,All Ages,Riverside
92324,323,52.6,All Ages,San Bernardino
92325,51,69.5,All Ages,San Bernardino
92335,452,41.4,All Ages,San Bernardino
92336,288,27.7,All Ages,San Bernardino
92337,110,27,All Ages,San Bernardino
92342,14,25.8,All Ages,San Bernardino
92344,79,34.6,All Ages,San Bernardino
92345,363,43.5,All Ages,San Bernardino
92346,255,45.2,All Ages,San Bernardino
92352,19,30.2,All Ages,San Bernardino
92354,47,20.4,All Ages,San Bernardino
92356,19,31.3,All Ages,San Bernardino
92359,20,25.2,All Ages,San Bernardino
92363,36,75.8,All Ages,San Bernardino
92371,47,26.5,All Ages,San Bernardino
92372,16,29.7,All Ages,San Bernardino
92373,61,20.5,All Ages,San Bernardino
92374,135,33.3,All Ages,San Bernardino
92376,468,55.7,All Ages,San Bernardino
92377,71,34.4,All Ages,San Bernardino
92382,24,49.8,All Ages,San Bernardino
92386,13,65.6,All Ages,San Bernardino
92392,404,68.2,All Ages,San Bernardino
92394,250,62.1,All Ages,San Bernardino
92395,364,81.1,All Ages,San Bernardino
92399,134,24.8,All Ages,San Bernardino
92401,51,294.2,All Ages,San Bernardino
92404,579,90.1,All Ages,San Bernardino
92405,324,106,All Ages,San Bernardino
92407,361,56.8,All Ages,San Bernardino
92408,69,43.5,All Ages,San Bernardino
92410,470,89.9,All Ages,San Bernardino
92411,256,94.8,All Ages,San Bernardino
92501,151,70.3,All Ages,Riverside
92503,423,44.2,All Ages,Riverside
92504,232,41.1,All Ages,Riverside
92505,217,41.6,All Ages,Riverside
92506,157,36.1,All Ages,Riverside
92507,231,44,All Ages,Riverside
92508,94,26.7,All Ages,Riverside
92509,324,39.7,All Ages,Riverside
92530,280,47.2,All Ages,Riverside
92532,83,31.9,All Ages,Riverside
92536,12,35.4,All Ages,Riverside
92539,22,57.5,All Ages,Riverside
92543,251,78.4,All Ages,Riverside
92544,205,43.7,All Ages,Riverside
92545,216,55.4,All Ages,Riverside
92548,25,35.1,All Ages,Riverside
92551,196,56.5,All Ages,Riverside
92553,454,59.5,All Ages,Riverside
92555,213,49.3,All Ages,Riverside
92557,206,40.1,All Ages,Riverside
92562,207,33.1,All Ages,Riverside
92563,218,30.7,All Ages,Riverside
92567,25,24,All Ages,Riverside
92570,283,46.9,All Ages,Riverside
92571,260,42.2,All Ages,Riverside
92582,93,50.1,All Ages,Riverside
92583,229,70.1,All Ages,Riverside
92584,166,33.3,All Ages,Riverside
92585,82,36.4,All Ages,Riverside
92586,88,67.2,All Ages,Riverside
92587,45,26.9,All Ages,Riverside
92591,105,22.9,All Ages,Riverside
92592,197,25.1,All Ages,Riverside
92595,134,38.6,All Ages,Riverside
92596,80,25.1,All Ages,Riverside
92602,33,13.7,All Ages,Orange
92603,23,11,All Ages,Orange
92604,61,23.8,All Ages,Orange
92606,50,22.3,All Ages,Orange
92612,34,13.2,All Ages,Orange
92614,46,17.5,All Ages,Orange
92617,12,25.2,All Ages,Orange
92618,68,19,All Ages,Orange
92620,70,13.5,All Ages,Orange
92624,15,20.2,All Ages,Orange
92625,13,10.8,All Ages,Orange
92626,116,23.8,All Ages,Orange
92627,221,33.6,All Ages,Orange
92629,41,17,All Ages,Orange
92630,110,16.9,All Ages,Orange
92637,50,80.1,All Ages,Orange
92646,124,23.6,All Ages,Orange
92647,167,28,All Ages,Orange
92648,82,19.9,All Ages,Orange
92649,59,18.4,All Ages,Orange
92651,36,16.5,All Ages,Orange
92653,50,17.8,All Ages,Orange
92655,32,42.8,All Ages,Orange
92656,73,14,All Ages,Orange
92657,12,10.1,All Ages,Orange
92660,51,16.3,All Ages,Orange
92663,41,19.2,All Ages,Orange
92672,49,12.7,All Ages,Orange
92673,35,12.6,All Ages,Orange
92675,56,16.1,All Ages,Orange
92677,102,16.9,All Ages,Orange
92679,30,9.4,All Ages,Orange
92683,259,28.6,All Ages,Orange
92688,49,10.4,All Ages,Orange
92691,86,18.2,All Ages,Orange
92692,88,20.5,All Ages,Orange
92694,30,12.9,All Ages,Orange
92701,231,40,All Ages,Orange
92703,262,35.4,All Ages,Orange
92704,285,30.6,All Ages,Orange
92705,114,27.9,All Ages,Orange
92706,141,37.4,All Ages,Orange
92707,203,29.9,All Ages,Orange
92708,108,21.4,All Ages,Orange
92780,182,31.1,All Ages,Orange
92782,45,16.2,All Ages,Orange
92801,254,37.8,All Ages,Orange
92802,200,43,All Ages,Orange
92804,373,41,All Ages,Orange
92805,363,45.4,All Ages,Orange
92806,143,35.1,All Ages,Orange
92807,79,24.2,All Ages,Orange
92808,20,11.1,All Ages,Orange
92821,59,14.7,All Ages,Orange
92831,146,41.8,All Ages,Orange
92832,99,36.7,All Ages,Orange
92833,140,26,All Ages,Orange
92835,53,25.3,All Ages,Orange
92840,180,32.2,All Ages,Orange
92841,76,23.7,All Ages,Orange
92843,193,39.5,All Ages,Orange
92844,62,26.2,All Ages,Orange
92845,26,17.1,All Ages,Orange
92860,54,21.3,All Ages,Riverside
92865,67,33.7,All Ages,Orange
92866,43,28.8,All Ages,Orange
92867,92,20.7,All Ages,Orange
92868,87,37,All Ages,Orange
92869,84,22.2,All Ages,Orange
92870,140,26.3,All Ages,Orange
92879,166,34.2,All Ages,Riverside
92880,172,20.6,All Ages,Riverside
92881,47,15.1,All Ages,Riverside
92882,228,31.8,All Ages,Riverside
92883,70,21.1,All Ages,Riverside
92886,85,18.5,All Ages,Orange
92887,29,17.9,All Ages,Orange
93001,120,37.2,All Ages,Ventura
93003,152,32.8,All Ages,Ventura
93004,70,24.9,All Ages,Ventura
93010,88,21.7,All Ages,Ventura
93012,63,17.1,All Ages,Ventura
93013,31,20.8,All Ages,Santa Barbara
93015,48,25,All Ages,Ventura
93021,84,23.2,All Ages,Ventura
93022,26,65.9,All Ages,Ventura
93023,41,20.7,All Ages,Ventura
93030,296,47.6,All Ages,Ventura
93033,259,28.7,All Ages,Ventura
93035,71,25.9,All Ages,Ventura
93036,168,33.4,All Ages,Ventura
93041,77,34.2,All Ages,Ventura
93060,118,33.6,All Ages,Ventura
93063,207,37.9,All Ages,Ventura
93065,235,33.1,All Ages,Ventura
93101,86,27.1,All Ages,Santa Barbara
93103,66,37,All Ages,Santa Barbara
93105,46,21.8,All Ages,Santa Barbara
93108,12,13,All Ages,Santa Barbara
93109,22,19.8,All Ages,Santa Barbara
93110,30,20.7,All Ages,Santa Barbara
93111,44,26.3,All Ages,Santa Barbara
93117,87,20.9,All Ages,Santa Barbara
93202,43,123.9,All Ages,Kings
93203,72,30.2,All Ages,Kern
93204,42,28.6,All Ages,Kings
93205,16,102,All Ages,Kern
93210,49,28.5,All Ages,Fresno
93212,66,31.7,All Ages,Kings
93215,262,47.3,All Ages,Kern
93219,51,45,All Ages,Tulare
93221,48,31.7,All Ages,Tulare
93223,50,39.7,All Ages,Tulare
93225,15,25.4,All Ages,Kern
93230,477,68.3,All Ages,Kings
93234,28,32.9,All Ages,Fresno
93235,16,26.6,All Ages,Tulare
93239,12,52.4,All Ages,Kings
93240,39,91,All Ages,Kern
93241,77,40.3,All Ages,Kern
93242,13,38.4,All Ages,Fresno
93245,177,43.8,All Ages,Kings
93247,65,33.2,All Ages,Tulare
93250,51,32.5,All Ages,Kern
93256,17,18.9,All Ages,Tulare
93257,331,39.4,All Ages,Tulare
93263,60,24.3,All Ages,Kern
93267,20,26.4,All Ages,Tulare
93268,25,13.6,All Ages,Kern
93270,12,19.4,All Ages,Tulare
93274,227,28.5,All Ages,Tulare
93277,124,24.8,All Ages,Tulare
93280,85,26.9,All Ages,Kern
93286,22,20.2,All Ages,Tulare
93291,168,26.4,All Ages,Tulare
93292,120,28.7,All Ages,Tulare
93301,213,164,All Ages,Kern
93304,430,79.5,All Ages,Kern
93305,386,98.1,All Ages,Kern
93306,348,49,All Ages,Kern
93307,546,57,All Ages,Kern
93308,285,51.9,All Ages,Kern
93309,254,42.9,All Ages,Kern
93311,93,18.7,All Ages,Kern
93312,136,22.2,All Ages,Kern
93313,195,35.1,All Ages,Kern
93314,40,13.1,All Ages,Kern
93401,60,24.9,All Ages,San Luis Obispo
93402,57,49.2,All Ages,San Luis Obispo
93405,35,17.5,All Ages,San Luis Obispo
93420,79,30.8,All Ages,San Luis Obispo
93422,60,19,All Ages,San Luis Obispo
93433,37,27.1,All Ages,San Luis Obispo
93434,33,40.4,All Ages,Santa Barbara
93436,196,34.9,All Ages,Santa Barbara
93442,24,20.5,All Ages,San Luis Obispo
93444,52,27.9,All Ages,San Luis Obispo
93445,36,52.4,All Ages,San Luis Obispo
93446,119,26.6,All Ages,San Luis Obispo
93451,13,29,All Ages,San Luis Obispo
93453,14,50,All Ages,San Luis Obispo
93454,150,38.8,All Ages,Santa Barbara
93455,119,29.8,All Ages,Santa Barbara
93458,210,31.9,All Ages,Santa Barbara
93463,15,17.7,All Ages,Santa Barbara
93465,28,31.9,All Ages,San Luis Obispo
93501,62,107.9,All Ages,Kern
93505,94,66.9,All Ages,Kern
93510,27,42,All Ages,Los Angeles
93514,44,34.6,All Ages,Inyo
93516,20,95.5,All Ages,Kern
93527,13,69.9,All Ages,Kern
93534,498,119.8,All Ages,Los Angeles
93535,857,108.7,All Ages,Los Angeles
93536,304,41.7,All Ages,Los Angeles
93543,66,52.7,All Ages,Los Angeles
93546,60,57.9,All Ages,Mono
93550,723,88.5,All Ages,Los Angeles
93551,212,40.9,All Ages,Los Angeles
93552,240,58.4,All Ages,Los Angeles
93555,164,52.5,All Ages,Kern
93560,103,50.9,All Ages,Kern
93561,96,30.2,All Ages,Kern
93591,59,68.2,All Ages,Los Angeles
93609,45,72.8,All Ages,Fresno
93610,75,35.7,All Ages,Madera
93611,117,27.1,All Ages,Fresno
93612,268,75.2,All Ages,Fresno
93614,35,39.4,All Ages,Madera
93615,26,33.5,All Ages,Tulare
93616,29,112.2,All Ages,Fresno
93618,162,46.4,All Ages,Tulare
93619,98,25.5,All Ages,Fresno
93620,82,74.1,All Ages,Merced
93622,58,54.6,All Ages,Fresno
93625,51,64.7,All Ages,Fresno
93630,82,36.5,All Ages,Fresno
93631,93,53.1,All Ages,Fresno
93635,386,88.9,All Ages,Merced
93636,37,36.1,All Ages,Madera
93637,254,63.3,All Ages,Madera
93638,366,59.6,All Ages,Madera
93640,73,48.7,All Ages,Fresno
93644,29,53.9,All Ages,Madera
93646,79,66.8,All Ages,Fresno
93647,64,48.2,All Ages,Tulare
93648,175,93.6,All Ages,Fresno
93650,36,97.5,All Ages,Fresno
93654,198,61.1,All Ages,Fresno
93656,33,51.1,All Ages,Fresno
93657,188,47.2,All Ages,Fresno
93660,13,21.1,All Ages,Fresno
93662,343,104.9,All Ages,Fresno
93675,13,41.7,All Ages,Fresno
93701,183,135.7,All Ages,Fresno
93702,508,98,All Ages,Fresno
93703,377,100.4,All Ages,Fresno
93704,211,86.6,All Ages,Fresno
93705,446,105,All Ages,Fresno
93706,500,107.3,All Ages,Fresno
93710,187,71.8,All Ages,Fresno
93711,120,35.8,All Ages,Fresno
93720,158,34.2,All Ages,Fresno
93721,65,102.4,All Ages,Fresno
93722,681,78.4,All Ages,Fresno
93723,54,46.1,All Ages,Fresno
93725,218,72.2,All Ages,Fresno
93726,376,88.8,All Ages,Fresno
93727,510,61.4,All Ages,Fresno
93728,145,89.1,All Ages,Fresno
93730,15,12.5,All Ages,Fresno
93737,20,36.6,All Ages,Fresno
93901,190,71.2,All Ages,Monterey
93905,345,52.7,All Ages,Monterey
93906,299,46.6,All Ages,Monterey
93907,85,42.4,All Ages,Monterey
93908,18,11.6,All Ages,Monterey
93923,24,40.4,All Ages,Monterey
93926,38,40.4,All Ages,Monterey
93927,56,27.3,All Ages,Monterey
93930,42,23.5,All Ages,Monterey
93933,90,36.9,All Ages,Monterey
93940,65,22.7,All Ages,Monterey
93950,26,21.6,All Ages,Monterey
93955,132,37.2,All Ages,Monterey
93960,63,22.4,All Ages,Monterey
94002,45,16.5,All Ages,San Mateo
94005,23,58,All Ages,San Mateo
94010,57,13.6,All Ages,San Mateo
94014,199,41.9,All Ages,San Mateo
94015,243,41.9,All Ages,San Mateo
94019,48,26.1,All Ages,San Mateo
94022,17,9.4,All Ages,Santa Clara
94024,16,8.2,All Ages,Santa Clara
94025,75,17.6,All Ages,San Mateo
94030,51,23.3,All Ages,San Mateo
94040,48,13.9,All Ages,Santa Clara
94041,22,13.4,All Ages,Santa Clara
94043,36,12.8,All Ages,Santa Clara
94044,126,36.4,All Ages,San Mateo
94061,87,22,All Ages,San Mateo
94062,36,14.1,All Ages,San Mateo
94063,208,59.5,All Ages,San Mateo
94066,172,38.8,All Ages,San Mateo
94070,48,17,All Ages,San Mateo
94080,230,37,All Ages,San Mateo
94085,36,17.2,All Ages,Santa Clara
94086,78,16.1,All Ages,Santa Clara
94087,60,10.8,All Ages,Santa Clara
94089,56,23.8,All Ages,Santa Clara
94102,229,70.1,All Ages,San Francisco
94103,211,58.1,All Ages,San Francisco
94105,18,18.8,All Ages,San Francisco
94107,85,39.5,All Ages,San Francisco
94108,23,16.5,All Ages,San Francisco
94109,118,31.4,All Ages,San Francisco
94110,323,52.9,All Ages,San Francisco
94111,14,60.4,All Ages,San Francisco
94112,289,38.6,All Ages,San Francisco
94114,53,19.2,All Ages,San Francisco
94115,138,47.7,All Ages,San Francisco
94116,72,19.4,All Ages,San Francisco
94117,103,38.7,All Ages,San Francisco
94118,59,16.9,All Ages,San Francisco
94121,74,21,All Ages,San Francisco
94122,118,25.9,All Ages,San Francisco
94123,36,20.3,All Ages,San Francisco
94124,354,91.9,All Ages,San Francisco
94127,46,25.9,All Ages,San Francisco
94130,20,143.9,All Ages,San Francisco
94131,49,20.1,All Ages,San Francisco
94132,82,38,All Ages,San Francisco
94133,46,18.1,All Ages,San Francisco
94134,225,59.7,All Ages,San Francisco
94158,27,43.2,All Ages,San Francisco
94301,14,7.6,All Ages,Santa Clara
94303,203,41.9,All Ages,Santa Clara
94306,25,9.3,All Ages,Santa Clara
94401,130,38.4,All Ages,San Mateo
94402,63,27.1,All Ages,San Mateo
94403,97,22.2,All Ages,San Mateo
94404,48,13.6,All Ages,San Mateo
94501,305,50.7,All Ages,Alameda
94502,31,26.6,All Ages,Alameda
94503,108,49.3,All Ages,Napa
94505,48,32.1,All Ages,Contra Costa
94506,36,15.2,All Ages,Contra Costa
94507,28,17.1,All Ages,Contra Costa
94509,766,119.2,All Ages,Contra Costa
94510,97,36.9,All Ages,Solano
94513,307,46.8,All Ages,Contra Costa
94515,16,21,All Ages,Napa
94517,24,22.2,All Ages,Contra Costa
94518,96,37.3,All Ages,Contra Costa
94519,89,48.4,All Ages,Contra Costa
94520,256,61.4,All Ages,Contra Costa
94521,150,34.5,All Ages,Contra Costa
94523,90,27,All Ages,Contra Costa
94525,16,48.2,All Ages,Contra Costa
94526,45,15.4,All Ages,Contra Costa
94530,99,43.6,All Ages,Contra Costa
94531,389,88.2,All Ages,Contra Costa
94533,741,94.8,All Ages,Solano
94534,148,37.9,All Ages,Solano
94536,190,26.1,All Ages,Alameda
94538,192,30.1,All Ages,Alameda
94539,72,14.6,All Ages,Alameda
94541,397,60.3,All Ages,Alameda
94542,41,30.3,All Ages,Alameda
94544,520,66.6,All Ages,Alameda
94545,215,67.4,All Ages,Alameda
94546,176,43,All Ages,Alameda
94547,104,44.4,All Ages,Contra Costa
94549,39,14.2,All Ages,Contra Costa
94550,97,20.3,All Ages,Alameda
94551,90,22.6,All Ages,Alameda
94552,29,23,All Ages,Alameda
94553,159,34.9,All Ages,Contra Costa
94555,95,25.5,All Ages,Alameda
94556,22,13.6,All Ages,Contra Costa
94558,249,38.2,All Ages,Napa
94559,98,33.5,All Ages,Napa
94560,168,36.3,All Ages,Alameda
94561,222,52.2,All Ages,Contra Costa
94563,21,13.9,All Ages,Contra Costa
94564,98,55.3,All Ages,Contra Costa
94565,989,105.1,All Ages,Contra Costa
94566,95,21.4,All Ages,Alameda
94568,153,25.2,All Ages,Alameda
94571,41,59,All Ages,Solano
94572,61,68.5,All Ages,Contra Costa
94574,15,16.9,All Ages,Napa
94577,231,49.7,All Ages,Alameda
94578,277,68.3,All Ages,Alameda
94579,65,34,All Ages,Alameda
94580,176,61.2,All Ages,Alameda
94582,95,22.8,All Ages,Contra Costa
94583,68,18.4,All Ages,Contra Costa
94585,261,90.4,All Ages,Solano
94587,251,35.1,All Ages,Alameda
94588,72,22.8,All Ages,Alameda
94589,363,122.6,All Ages,Solano
94590,511,145.9,All Ages,Solano
94591,392,73.8,All Ages,Solano
94595,19,13.3,All Ages,Contra Costa
94596,36,18.8,All Ages,Contra Costa
94597,62,27.3,All Ages,Contra Costa
94598,36,12.3,All Ages,Contra Costa
94601,459,84.8,All Ages,Alameda
94602,164,58.7,All Ages,Alameda
94603,449,126.8,All Ages,Alameda
94605,493,123.3,All Ages,Alameda
94606,264,73,All Ages,Alameda
94607,265,99.4,All Ages,Alameda
94608,214,76.8,All Ages,Alameda
94609,160,80.2,All Ages,Alameda
94610,112,43.7,All Ages,Alameda
94611,61,16.6,All Ages,Alameda
94612,118,76.9,All Ages,Alameda
94618,22,16.8,All Ages,Alameda
94619,138,60.1,All Ages,Alameda
94621,445,126.5,All Ages,Alameda
94702,95,60.9,All Ages,Alameda
94703,128,68.3,All Ages,Alameda
94704,37,47.3,All Ages,Alameda
94705,36,34.8,All Ages,Alameda
94706,45,23.5,All Ages,Alameda
94707,20,17.5,All Ages,Alameda
94708,13,13.9,All Ages,Alameda
94709,26,49.5,All Ages,Alameda
94710,46,50.4,All Ages,Alameda
94801,414,120.6,All Ages,Contra Costa
94803,91,40.7,All Ages,Contra Costa
94804,463,111.4,All Ages,Contra Costa
94805,96,69.3,All Ages,Contra Costa
94806,437,68.9,All Ages,Contra Costa
94901,105,26.2,All Ages,Marin
94903,73,26.4,All Ages,Marin
94904,20,15.4,All Ages,Marin
94920,21,18.4,All Ages,Marin
94925,13,15.2,All Ages,Marin
94928,140,31.4,All Ages,Sonoma
94930,16,17.7,All Ages,Marin
94931,31,37.6,All Ages,Sonoma
94939,12,16.8,All Ages,Marin
94941,43,15.7,All Ages,Marin
94945,56,38,All Ages,Marin
94947,68,28.2,All Ages,Marin
94949,53,31.4,All Ages,Marin
94951,17,47.4,All Ages,Sonoma
94952,109,34.8,All Ages,Sonoma
94954,137,34.9,All Ages,Sonoma
94960,25,17.4,All Ages,Marin
94965,34,37.2,All Ages,Marin
95003,49,22.2,All Ages,Santa Cruz
95006,28,39,All Ages,Santa Cruz
95008,131,26.9,All Ages,Santa Clara
95010,20,20.1,All Ages,Santa Cruz
95012,46,39.2,All Ages,Monterey
95014,44,6.8,All Ages,Santa Clara
95018,16,20.6,All Ages,Santa Cruz
95019,38,43.7,All Ages,Santa Cruz
95020,262,40.2,All Ages,Santa Clara
95023,283,55,All Ages,San Benito
95030,13,8,All Ages,Santa Clara
95032,43,14.7,All Ages,Santa Clara
95035,140,17.8,All Ages,Santa Clara
95037,115,21.8,All Ages,Santa Clara
95045,22,53.3,All Ages,San Benito
95046,24,35.3,All Ages,Santa Clara
95050,88,21.6,All Ages,Santa Clara
95051,125,20.2,All Ages,Santa Clara
95054,58,27.9,All Ages,Santa Clara
95060,73,16.3,All Ages,Santa Cruz
95062,59,16.7,All Ages,Santa Cruz
95066,28,20.1,All Ages,Santa Cruz
95070,33,11.9,All Ages,Santa Clara
95073,20,18.9,All Ages,Santa Cruz
95076,344,40.2,All Ages,Santa Cruz
95110,62,28.4,All Ages,Santa Clara
95111,251,40.1,All Ages,Santa Clara
95112,253,44.8,All Ages,Santa Clara
95113,63,311.3,All Ages,Santa Clara
95116,342,60.9,All Ages,Santa Clara
95117,90,29.1,All Ages,Santa Clara
95118,113,35.5,All Ages,Santa Clara
95119,27,22.6,All Ages,Santa Clara
95120,51,14.3,All Ages,Santa Clara
95121,114,30.6,All Ages,Santa Clara
95122,303,50.1,All Ages,Santa Clara
95123,230,33,All Ages,Santa Clara
95124,100,20.2,All Ages,Santa Clara
95125,114,21,All Ages,Santa Clara
95126,100,30.4,All Ages,Santa Clara
95127,269,43.5,All Ages,Santa Clara
95128,125,32.8,All Ages,Santa Clara
95129,52,14.2,All Ages,Santa Clara
95130,34,25.1,All Ages,Santa Clara
95131,79,25.2,All Ages,Santa Clara
95132,84,20.7,All Ages,Santa Clara
95133,69,23.5,All Ages,Santa Clara
95134,35,12.4,All Ages,Santa Clara
95135,24,10.3,All Ages,Santa Clara
95136,128,28.3,All Ages,Santa Clara
95138,39,20,All Ages,Santa Clara
95139,12,15.5,All Ages,Santa Clara
95148,115,24.7,All Ages,Santa Clara
95202,130,203.5,All Ages,San Joaquin
95203,202,119.1,All Ages,San Joaquin
95204,200,70.1,All Ages,San Joaquin
95205,328,79.2,All Ages,San Joaquin
95206,539,79.8,All Ages,San Joaquin
95207,401,84.7,All Ages,San Joaquin
95209,227,53.9,All Ages,San Joaquin
95210,310,75.6,All Ages,San Joaquin
95212,98,32.7,All Ages,San Joaquin
95215,99,40.4,All Ages,San Joaquin
95219,123,43.2,All Ages,San Joaquin
95220,23,30.1,All Ages,San Joaquin
95222,12,23,All Ages,Calaveras
95228,17,43.9,All Ages,Calaveras
95231,41,86.1,All Ages,San Joaquin
95237,12,35.1,All Ages,San Joaquin
95240,252,52.6,All Ages,San Joaquin
95242,72,27.9,All Ages,San Joaquin
95249,23,82.9,All Ages,Calaveras
95252,63,51.4,All Ages,Calaveras
95255,21,165.4,All Ages,Calaveras
95258,15,42.2,All Ages,San Joaquin
95301,173,43.1,All Ages,Merced
95304,58,33.8,All Ages,San Joaquin
95307,198,44.2,All Ages,Stanislaus
95315,67,45,All Ages,Merced
95316,34,55.3,All Ages,Stanislaus
95320,47,37.6,All Ages,San Joaquin
95321,14,51.9,All Ages,Tuolumne
95322,41,41.9,All Ages,Merced
95324,29,40.8,All Ages,Merced
95326,34,32,All Ages,Stanislaus
95327,51,56.5,All Ages,Tuolumne
95328,14,28.8,All Ages,Stanislaus
95329,15,103,All Ages,Stanislaus
95330,137,59,All Ages,San Joaquin
95334,84,52.8,All Ages,Merced
95336,331,73.5,All Ages,San Joaquin
95337,203,51.4,All Ages,San Joaquin
95338,61,73.6,All Ages,Mariposa
95340,290,82.6,All Ages,Merced
95341,237,66.3,All Ages,Merced
95348,187,54.2,All Ages,Merced
95350,328,66.5,All Ages,Stanislaus
95351,387,81.5,All Ages,Stanislaus
95354,199,77.2,All Ages,Stanislaus
95355,309,51.5,All Ages,Stanislaus
95356,152,45.5,All Ages,Stanislaus
95357,60,45.7,All Ages,Stanislaus
95358,174,52.7,All Ages,Stanislaus
95360,49,37.8,All Ages,Stanislaus
95361,176,53.7,All Ages,Stanislaus
95363,113,39.3,All Ages,Stanislaus
95365,30,96.5,All Ages,Merced
95366,53,29.9,All Ages,San Joaquin
95367,143,55.1,All Ages,Stanislaus
95368,60,40.4,All Ages,Stanislaus
95370,108,48.9,All Ages,Tuolumne
95376,357,65.6,All Ages,San Joaquin
95377,119,34.7,All Ages,San Joaquin
95379,17,53.4,All Ages,Tuolumne
95380,209,49.6,All Ages,Stanislaus
95382,118,29.8,All Ages,Stanislaus
95383,15,44.7,All Ages,Tuolumne
95386,66,64.3,All Ages,Stanislaus
95388,71,46.7,All Ages,Merced
95391,74,50.2,All Ages,San Joaquin
95401,135,36,All Ages,Sonoma
95403,207,53.2,All Ages,Sonoma
95404,134,35.1,All Ages,Sonoma
95405,104,51.5,All Ages,Sonoma
95407,206,49.6,All Ages,Sonoma
95409,91,38.5,All Ages,Sonoma
95422,218,129.3,All Ages,Lake
95423,46,150.8,All Ages,Lake
95425,34,32.5,All Ages,Sonoma
95436,13,25.3,All Ages,Sonoma
95437,60,43.4,All Ages,Mendocino
95448,64,40.2,All Ages,Sonoma
95449,12,74,All Ages,Mendocino
95451,63,62.6,All Ages,Lake
95453,40,39.8,All Ages,Lake
95457,30,94.6,All Ages,Lake
95458,18,67.2,All Ages,Lake
95461,15,44.7,All Ages,Lake
95464,14,65.5,All Ages,Lake
95467,29,65.7,All Ages,Lake
95470,30,52.5,All Ages,Mendocino
95472,66,26.9,All Ages,Sonoma
95476,83,24.4,All Ages,Sonoma
95482,236,78.1,All Ages,Mendocino
95485,16,68.3,All Ages,Lake
95490,108,82.6,All Ages,Mendocino
95492,107,38.8,All Ages,Sonoma
95501,164,67.2,All Ages,Humboldt
95503,107,46.5,All Ages,Humboldt
95519,70,38.9,All Ages,Humboldt
95521,88,38.6,All Ages,Humboldt
95531,115,52.4,All Ages,Del Norte
95540,79,59.6,All Ages,Humboldt
95542,15,46.7,All Ages,Humboldt
95560,14,84.6,All Ages,Humboldt
95562,26,74.4,All Ages,Humboldt
95602,65,50,All Ages,Placer
95603,96,41,All Ages,Placer
95605,91,60.5,All Ages,Yolo
95608,348,65.9,All Ages,Sacramento
95610,261,55.2,All Ages,Sacramento
95616,106,25.4,All Ages,Yolo
95618,71,26.7,All Ages,Yolo
95619,26,74.5,All Ages,El Dorado
95620,120,55.9,All Ages,Solano
95621,209,50,All Ages,Sacramento
95623,14,26.5,All Ages,El Dorado
95624,222,33.6,All Ages,Sacramento
95626,25,35.4,All Ages,Sacramento
95627,16,45.1,All Ages,Yolo
95628,151,40.2,All Ages,Sacramento
95630,165,21.4,All Ages,Sacramento
95631,14,22.1,All Ages,Placer
95632,117,37.8,All Ages,Sacramento
95640,21,19.3,All Ages,Amador
95642,52,93.7,All Ages,Amador
95648,139,27.3,All Ages,Placer
95650,31,25.1,All Ages,Placer
95655,17,30.4,All Ages,Sacramento
95658,14,31.9,All Ages,Placer
95660,332,102.6,All Ages,Sacramento
95661,108,37.7,All Ages,Placer
95662,125,34.7,All Ages,Sacramento
95665,12,30.7,All Ages,Amador
95666,22,49.3,All Ages,Amador
95667,151,43.9,All Ages,El Dorado
95670,338,64.2,All Ages,Sacramento
95673,110,67.4,All Ages,Sacramento
95677,92,39.6,All Ages,Placer
95678,192,42,All Ages,Placer
95682,94,34.6,All Ages,El Dorado
95685,13,34.5,All Ages,Amador
95687,383,61.5,All Ages,Solano
95688,282,79.4,All Ages,Solano
95691,204,53.4,All Ages,Yolo
95692,18,38.4,All Ages,Yuba
95693,13,18.5,All Ages,Sacramento
95694,30,34.6,All Ages,Yolo
95695,173,45.6,All Ages,Yolo
95713,19,20.1,All Ages,Placer
95722,13,34.3,All Ages,Placer
95726,41,50.3,All Ages,El Dorado
95742,30,29.5,All Ages,Sacramento
95746,53,31.3,All Ages,Placer
95747,185,29.1,All Ages,Placer
95757,190,37.9,All Ages,Sacramento
95758,266,41.8,All Ages,Sacramento
95762,72,16.5,All Ages,El Dorado
95765,84,21.1,All Ages,Placer
95776,84,30.7,All Ages,Yolo
95811,90,108.6,All Ages,Sacramento
95814,60,91.7,All Ages,Sacramento
95815,395,152.6,All Ages,Sacramento
95816,73,47.7,All Ages,Sacramento
95817,115,85.9,All Ages,Sacramento
95818,140,67.8,All Ages,Sacramento
95819,35,22.1,All Ages,Sacramento
95820,327,87.6,All Ages,Sacramento
95821,359,116.3,All Ages,Sacramento
95822,336,77.7,All Ages,Sacramento
95823,849,107,All Ages,Sacramento
95824,320,98,All Ages,Sacramento
95825,363,119.5,All Ages,Sacramento
95826,217,61.6,All Ages,Sacramento
95827,122,56.1,All Ages,Sacramento
95828,431,70.4,All Ages,Sacramento
95829,108,36.9,All Ages,Sacramento
95831,144,39.6,All Ages,Sacramento
95832,101,80.2,All Ages,Sacramento
95833,285,69.9,All Ages,Sacramento
95834,229,77.3,All Ages,Sacramento
95835,159,40.3,All Ages,Sacramento
95838,457,116.8,All Ages,Sacramento
95841,195,96.3,All Ages,Sacramento
95842,296,91.4,All Ages,Sacramento
95843,263,53.1,All Ages,Sacramento
95864,84,39.8,All Ages,Sacramento
95901,176,52.6,All Ages,Yuba
95912,20,39.1,All Ages,Colusa
95917,21,62.6,All Ages,Butte
95926,175,48.9,All Ages,Butte
95928,165,44.4,All Ages,Butte
95932,52,64.9,All Ages,Colusa
95945,71,31.2,All Ages,Nevada
95946,17,26.8,All Ages,Nevada
95948,38,35,All Ages,Butte
95949,41,27.7,All Ages,Nevada
95953,44,38.7,All Ages,Sutter
95954,43,43.5,All Ages,Butte
95959,39,21.4,All Ages,Nevada
95961,123,43,All Ages,Yuba
95963,42,26,All Ages,Glenn
95965,82,41,All Ages,Butte
95966,114,40.7,All Ages,Butte
95969,105,45.7,All Ages,Butte
95971,23,45.3,All Ages,Plumas
95973,132,37.5,All Ages,Butte
95987,26,40.3,All Ages,Colusa
95988,46,53.9,All Ages,Glenn
95991,147,35.3,All Ages,Sutter
95993,69,19.3,All Ages,Sutter
96001,129,43.1,All Ages,Shasta
96002,149,48.6,All Ages,Shasta
96003,114,27.4,All Ages,Shasta
96007,79,39,All Ages,Shasta
96019,41,45.9,All Ages,Shasta
96020,16,88.8,All Ages,Plumas
96021,97,58,All Ages,Tehama
96022,32,23,All Ages,Shasta
96025,15,83.5,All Ages,Siskiyou
96035,17,47.3,All Ages,Tehama
96041,12,69.2,All Ages,Trinity
96055,13,37.3,All Ages,Tehama
96064,20,43.1,All Ages,Siskiyou
96067,18,29.3,All Ages,Siskiyou
96080,148,55.8,All Ages,Tehama
96093,33,110.6,All Ages,Trinity
96094,25,35.2,All Ages,Siskiyou
96097,33,35.3,All Ages,Siskiyou
96101,78,154.3,All Ages,Modoc
96122,30,91.5,All Ages,Plumas
96130,73,32.8,All Ages,Lassen
96137,24,88.1,All Ages,Lassen
96150,68,22.4,All Ages,El Dorado
96161,39,20,All Ages,Nevada
